,16,Iowa St. 6,B12,23-11,+21.81,119.1,9,97.3,57,67.6,164,-.051,296,+10.31,30,108.9,37,98.6,23,-1.47,210
0,17,Louisville 7,ACC,20-13,+20.91,113.4,29,92.5,16,67.2,194,-.054,302,12.92,9.0,110.7,3.0,97.8,13.0,6.1,27.0
1,18,LSU 3,SEC,26-6,+20.87,118.5,10,97.7,61,69.9,65,+.035,93,9.37,39.0,108.7,41.0,99.4,36.0,2.96,94.0
2,19,Kansas 4,B12,25-9,+20.65,112.9,33,92.2,15,70.0,64,+.088,15,13.83,1.0,111.4,1.0,97.6,12.0,10.89,3.0
3,20,Mississippi St. 5,SEC,23-10,+20.60,117.5,14,96.9,49,67.5,179,-.027,247,10.36,29.0,110.2,11.0,99.8,47.0,2.51,99.0
4,21,Wofford 7,SC,29-4,+20.35,118.2,13,97.9,65,65.6,277,+.060,44,0.97,122.0,105.4,100.0,104.5,166.0,8.37,7.0
5,22,Buffalo 6,MAC,31-3,+20.24,115.0,20,94.7,29,73.8,9,+.041,79,2.69,93.0,105.2,112.0,102.5,91.0,1.67,115.0
6,23,Kansas St. 4,B12,25-8,+20.15,108.0,102,87.9,4,63.1,342,+.061,43,9.95,32.0,109.1,32.0,99.2,34.0,-0.68,185.0
7,24,Maryland 6,B10,22-10,+19.92,113.9,27,94.0,22,65.7,274,+.001,181,11.0,21.0,109.6,23.0,98.6,21.0,-4.55,299.0
8,25,Nevada 7,MWC,29-4,+18.88,114.2,26,95.3,32,69.2,88,+.039,85,1.31,112.0,105.2,111.0,103.9,139.0,1.91,109.0
9,26,Villanova 6,BE,25-9,+18.66,117.0,16,98.4,74,63.6,333,+.017,139,8.07,54.0,108.5,48.0,100.4,57.0,3.46,85.0
10,27,Marquette 5,BE,24-9,+18.33,114.3,23,95.9,36,68.6,118,+.007,164,7.55,58.0,107.6,60.0,100.0,51.0,0.86,139.0
11,28,Florida 10,SEC,19-15,+18.29,110.3,60,92.0,14,62.7,344,-.072,327,11.61,17.0,110.5,4.0,98.9,30.0,5.41,38.0
12,29,Texas 2,B12,17-16,+17.61,114.2,25,96.6,46,64.3,326,-.105,343,12.11,13.0,110.2,10.0,98.1,16.0,5.36,39.0
13,30,Saint Mary's 11,WCC,22-11,+17.58,114.7,21,97.2,53,62.7,346,-.033,259,3.49,79.0,106.4,75.0,102.9,99.0,-0.47,180.0
14,31,Clemson 2,ACC,20-13,+17.57,109.1,81,91.5,12,66.0,257,-.060,311,9.45,38.0,108.5,47.0,99.1,32.0,1.19,128.0
15,32,Cincinnati 7,Amer,28-6,+17.15,111.7,47,94.6,28,63.2,338,+.060,45,4.28,73.0,106.5,74.0,102.2,82.0,-2.53,241.0
16,33,Utah St. 8,MWC,28-6,+16.58,113.1,31,96.5,44,67.8,151,+.007,162,-0.05,146.0,104.4,151.0,104.4,165.0,1.05,134.0
17,34,North Carolina St. 2,ACC,23-11,+16.40,112.5,37,96.1,38,71.0,36,+.000,182,6.81,60.0,107.2,64.0,100.4,55.0,-12.03,353.0
18,35,Syracuse 8,ACC,20-13,+16.19,110.2,63,94.1,24,66.1,253,+.005,169,9.93,33.0,108.6,42.0,98.7,26.0,0.39,154.0
19,36,Iowa 10,B10,22-11,+15.90,117.2,15,101.3,112,69.4,84,+.057,54,10.49,27.0,108.6,44.0,98.1,18.0,-6.48,332.0
20,37,VCU 8,A10,25-7,+15.68,104.4,174,88.8,7,68.2,138,+.004,173,1.15,115.0,105.1,118.0,104.0,142.0,3.53,82.0
21,38,Oklahoma 9,B12,19-13,+15.49,109.5,73,94.0,23,68.7,115,+.031,102,12.55,12.0,109.7,19.0,97.2,7.0,7.69,11.0
22,39,Penn St.,B10,14-18,+15.35,109.5,72,94.2,26,67.6,170,-.102,341,13.16,5.0,110.3,8.0,97.1,6.0,4.53,53.0
23,40,Nebraska 4,B10,19-16,+15.29,113.2,30,97.9,67,66.3,239,-.043,284,12.93,8.0,109.9,15.0,97.0,3.0,0.32,158.0
24,,,,,,,Strength of Schedule,NCSOS,,,,,,,,,,,,,
25,Rk,Team,Conf,W-L,AdjEM,AdjO,AdjD,AdjT,Luck,AdjEM,OppO,OppD,AdjEM,,,,,,,,
26,41,Baylor 9,B12,19-13,+15.24,113.6,28,98.4,75,65.3,291,-.032,256,9.11,43.0,108.0,56.0,98.9,27.0,-4.33,292.0
27,42,Oregon 12,P12,23-12,+15.21,107.9,107,92.7,18,64.1,328,-.039,272,4.14,75.0,107.1,66.0,102.9,100.0,0.33,157.0
28,43,Indiana 1,B10,18-15,+15.10,110.2,64,95.1,30,66.7,221,-.039,274,11.78,15.0,109.9,14.0,98.1,19.0,-0.88,193.0
29,44,Ohio St. 11,B10,19-14,+15.03,109.4,75,94.4,27,65.7,272,+.005,168,11.55,18.0,110.2,9.0,98.7,24.0,-2.63,244.0
30,45,Mississippi 8,SEC,20-12,+14.99,112.8,35,97.8,64,68.4,129,-.018,228,8.58,49.0,108.9,36.0,100.4,56.0,-0.91,195.0
31,46,UCF 9,Amer,23-8,+14.59,110.5,58,95.9,35,64.8,312,+.029,104,3.58,77.0,105.3,109.0,101.7,63.0,-3.49,268.0
32,47,Minnesota 10,B10,21-13,+14.39,110.8,56,96.4,40,67.5,175,+.082,22,11.97,14.0,109.9,16.0,97.9,15.0,-2.8,249.0
33,48,TCU 1,B12,21-13,+14.08,110.4,59,96.4,39,68.9,102,+.018,135,9.2,41.0,108.6,43.0,99.4,37.0,-0.9,194.0
34,49,Lipscomb 5,ASun,26-7,+13.84,111.1,53,97.2,54,73.0,14,-.035,263,-1.88,199.0,102.8,227.0,104.7,177.0,6.72,24.0
35,50,Belmont 11,OVC,27-5,+13.69,115.0,19,101.3,113,71.2,32,+.043,77,-2.63,219.0,103.2,211.0,105.8,210.0,3.66,76.0
36,51,Murray St. 12,OVC,27-4,+13.44,112.2,41,98.8,80,69.1,97,+.033,98,-4.68,272.0,102.3,253.0,107.0,274.0,-1.07,200.0
37,52,Creighton 2,BE,19-14,+13.35,112.9,34,99.5,86,68.6,119,-.037,269,8.67,48.0,109.2,30.0,100.5,58.0,5.52,36.0
38,53,Washington 9,P12,26-8,+13.35,107.1,121,93.7,20,65.9,262,+.078,26,4.9,68.0,106.9,67.0,102.0,74.0,2.91,95.0
39,54,New Mexico St. 12,WAC,30-4,+13.19,112.5,38,99.4,84,65.6,278,+.061,41,-3.91,251.0,102.3,252.0,106.2,226.0,-3.01,257.0
40,55,Arkansas 5,SEC,18-15,+12.88,110.3,62,97.4,59,70.3,56,-.036,266,8.5,52.0,108.2,52.0,99.7,43.0,0.39,153.0
41,56,Seton Hall 10,BE,20-13,+12.78,109.4,76,96.6,48,68.9,105,+.022,123,9.26,40.0,109.4,28.0,100.1,52.0,4.3,58.0
42,57,Furman 3,SC,25-8,+11.60,108.7,90,97.1,52,66.5,229,+.016,144,-0.86,166.0,105.3,108.0,106.1,225.0,-2.2,234.0
43,58,Arizona St. 11,P12,23-10,+11.53,109.4,77,97.8,63,70.8,43,+.050,67,4.93,67.0,106.8,69.0,101.9,69.0,1.8,112.0
44,59,Dayton 5,A10,21-12,+11.38,112.0,43,100.6,105,64.6,319,-.047,291,1.6,103.0,104.4,148.0,102.8,97.0,1.64,116.0
45,60,Toledo 6,MAC,25-8,+11.36,109.7,69,98.4,73,67.6,163,+.044,75,1.0,119.0,104.9,129.0,103.9,136.0,-3.89,280.0
46,61,Memphis 3,Amer,22-13,+11.27,109.0,82,97.7,62,74.0,7,-.028,251,3.46,80.0,105.3,105.0,101.9,68.0,0.15,165.0
47,62,Liberty 12,ASun,28-6,+10.96,110.7,57,99.7,91,61.8,349,+.006,167,-4.5,270.0,101.6,285.0,106.1,220.0,-2.91,255.0
48,63,Xavier 3,BE,19-15,+10.87,111.1,52,100.3,100,65.0,308,+.009,155,7.94,55.0,108.8,40.0,100.8,59.0,1.32,125.0
49,64,Alabama 1,SEC,18-16,+10.59,107.9,105,97.4,58,68.6,117,+.024,112,10.26,31.0,109.7,22.0,99.4,38.0,3.83,69.0
50,65,Colorado 4,P12,22-12,+10.54,107.1,119,96.6,47,67.8,156,-.028,253,2.13,96.0,105.8,88.0,103.7,127.0,-4.66,301.0
51,66,Butler 5,BE,16-17,+9.97,111.6,48,101.6,119,65.9,263,-.043,285,8.76,47.0,108.9,39.0,100.1,53.0,3.88,67.0
52,67,San Francisco,WCC,21-10,+9.89,111.8,45,101.9,125,66.4,235,-.022,238,-0.3,151.0,104.1,161.0,104.4,164.0,-6.46,331.0
53,68,Missouri,SEC,15-17,+9.72,106.8,124,97.1,51,64.7,317,-.017,226,9.74,34.0,109.7,21.0,99.9,50.0,0.37,156.0
54,69,Fresno St.,MWC,23-9,+9.63,108.3,98,98.7,79,67.8,155,-.011,214,-1.56,186.0,103.7,183.0,105.2,195.0,-4.92,305.0
55,70,South Carolina,SEC,16-16,+9.61,108.0,103,98.4,76,70.1,59,+.022,122,10.81,23.0,109.5,26.0,98.7,25.0,2.61,97.0
56,71,Miami FL,ACC,14-18,+9.61,110.0,66,100.4,102,66.9,208,-.072,326,8.87,45.0,108.4,50.0,99.5,39.0,-3.09,258.0
57,72,Northwestern,B10,13-19,+9.48,103.0,199,93.5,19,65.9,265,-.111,348,9.62,35.0,108.5,46.0,98.9,28.0,-5.66,321.0
58,73,UC Irvine 13,BW,30-5,+9.41,106.7,129,97.3,56,65.1,296,+.097,10,-4.02,255.0,102.4,250.0,106.4,239.0,1.59,118.0
59,74,Providence 4,BE,18-16,+9.29,105.1,160,95.8,34,67.8,153,-.018,229,7.02,59.0,108.9,38.0,101.9,70.0,-2.35,236.0
60,75,Rutgers,B10,14-17,+9.25,105.6,147,96.4,42,67.5,172,-.020,232,11.02,20.0,109.5,25.0,98.5,20.0,-4.46,294.0
61,76,Temple 11,Amer,23-10,+9.05,108.7,91,99.6,88,68.8,109,+.064,35,4.19,74.0,106.1,81.0,101.9,67.0,-0.66,184.0
62,77,Vermont 13,AE,27-6,+8.89,108.2,100,99.3,83,65.4,286,+.056,56,-5.86,288.0,100.4,318.0,106.2,227.0,3.63,78.0
63,78,Northeastern 13,CAA,23-10,+8.77,111.6,49,102.8,144,66.1,254,+.023,118,-0.79,164.0,106.2,78.0,107.0,270.0,6.85,20.0
64,79,Yale 14,Ivy,22-7,+8.74,111.9,44,103.1,148,70.7,46,+.057,51,-1.4,179.0,102.5,241.0,103.9,140.0,-1.78,222.0
65,80,East Tennessee St.,SC,24-10,+8.54,109.7,68,101.2,110,67.0,202,+.011,151,-0.96,168.0,105.4,99.0,106.4,240.0,-1.86,226.0
66,,,,,,,Strength of Schedule,NCSOS,,,,,,,,,,,,,
67,Rk,Team,Conf,W-L,AdjEM,AdjO,AdjD,AdjT,Luck,AdjEM,OppO,OppD,AdjEM,,,,,,,,
68,81,St. John's 11,BE,21-13,+8.44,108.9,85,100.5,103,70.7,45,+.060,48,6.07,61.0,107.3,63.0,101.2,60.0,-5.99,327.0
69,82,UNC Greensboro 1,SC,29-6,+8.40,106.4,138,98.0,68,67.7,159,+.172,1,-0.45,157.0,105.6,92.0,106.0,217.0,-2.93,256.0
70,83,Illinois,B10,12-21,+8.39,109.1,80,100.7,107,70.4,51,-.052,298,12.88,10.0,109.9,17.0,97.0,5.0,3.78,70.0
71,84,Wichita St. 6,Amer,20-14,+8.02,106.5,135,98.5,78,67.9,147,+.037,89,4.79,69.0,106.1,79.0,101.3,62.0,3.1,91.0
72,85,Oregon St.,P12,18-13,+7.92,111.3,50,103.4,151,65.6,282,-.040,276,3.21,86.0,105.3,107.0,102.1,76.0,-3.15,259.0
73,86,Davidson 4,A10,24-10,+7.90,108.1,101,100.2,99,64.6,318,+.054,61,1.03,118.0,104.6,141.0,103.6,124.0,2.34,100.0
74,87,Hofstra 7,CAA,27-8,+7.73,116.4,17,108.7,256,67.4,184,+.017,141,-5.05,279.0,102.6,238.0,107.6,305.0,-6.07,328.0
75,88,USC,P12,16-17,+7.67,109.3,78,101.7,120,69.4,82,-.096,340,3.44,81.0,105.3,104.0,101.9,71.0,-2.19,233.0
76,89,BYU,WCC,19-13,+7.65,111.8,46,104.1,162,70.8,44,+.027,107,3.14,87.0,106.0,83.0,102.9,98.0,0.13,167.0
77,90,West Virginia,B12,15-20,+7.62,109.0,83,101.4,116,70.3,54,+.019,131,11.67,16.0,109.3,29.0,97.6,11.0,0.57,148.0
78,91,Notre Dame,ACC,14-19,+7.55,108.3,97,100.8,108,65.1,299,-.055,305,8.56,50.0,108.1,53.0,99.6,41.0,-5.21,313.0
79,92,Oklahoma St.,B12,12-20,+7.54,109.0,84,101.5,118,65.9,261,-.010,209,12.78,11.0,110.1,13.0,97.3,8.0,5.66,34.0
80,93,San Diego 6,WCC,21-15,+7.45,105.6,148,98.2,69,66.8,213,-.006,196,3.41,82.0,106.1,82.0,102.6,94.0,0.04,170.0
81,94,Texas A&M,SEC,14-18,+7.42,107.0,122,99.6,87,67.3,189,-.021,236,9.57,37.0,109.1,35.0,99.5,40.0,-0.38,179.0
82,95,South Dakota St. 7,Sum,24-9,+7.29,112.4,40,105.1,188,70.9,39,-.034,261,-5.73,286.0,102.4,248.0,108.2,328.0,-4.49,295.0
83,96,Georgetown 3,BE,19-14,+7.06,109.1,79,102.1,128,71.8,25,+.040,81,5.78,62.0,107.9,58.0,102.1,77.0,-4.56,300.0
84,97,Pittsburgh,ACC,14-19,+7.00,105.2,155,98.2,70,66.9,209,-.094,338,7.73,56.0,107.9,57.0,100.2,54.0,-8.81,341.0
85,98,Northern Kentucky 14,Horz,26-8,+6.88,109.5,74,102.6,138,67.9,145,-.008,204,-3.99,254.0,103.3,202.0,107.3,287.0,-2.61,242.0
86,99,Arizona,P12,17-15,+6.83,105.1,159,98.2,71,66.6,226,-.013,220,5.37,64.0,107.6,61.0,102.2,84.0,3.22,87.0
87,100,DePaul,BE,16-15,+6.63,111.2,51,104.6,170,69.7,74,-.032,257,5.11,66.0,106.9,68.0,101.7,64.0,-10.7,350.0
88,101,Utah Valley,WAC,25-9,+6.48,108.8,88,102.3,132,68.7,111,+.045,73,-2.28,209.0,103.8,177.0,106.1,221.0,0.05,169.0
89,102,Georgia Southern,SB,21-12,+6.25,108.4,95,102.2,131,73.1,13,-.009,207,0.97,121.0,105.3,106.0,104.4,162.0,4.65,50.0
90,103,Saint Louis 13,A10,23-12,+6.24,102.6,205,96.4,41,66.1,252,+.045,72,0.31,133.0,104.1,160.0,103.8,134.0,-1.09,201.0
91,104,Bowling Green,MAC,22-12,+6.13,108.3,99,102.1,130,70.4,53,+.035,94,1.47,105.0,105.4,103.0,103.9,137.0,-4.43,293.0
92,105,Connecticut,Amer,16-17,+6.02,108.4,96,102.4,133,68.5,122,-.070,323,3.29,83.0,105.2,113.0,101.9,73.0,-5.33,317.0
93,106,Akron,MAC,17-16,+5.99,99.9,258,93.9,21,66.0,255,-.105,342,1.53,104.0,105.5,97.0,103.9,141.0,-5.28,316.0
94,107,UCLA,P12,17-16,+5.96,108.6,92,102.7,140,72.4,17,+.007,161,5.5,63.0,107.6,59.0,102.1,78.0,3.88,68.0
95,108,Georgia Tech,ACC,14-18,+5.82,101.9,223,96.0,37,66.7,222,-.023,239,8.89,44.0,108.0,55.0,99.1,33.0,-4.75,302.0
96,109,Jacksonville St.,OVC,24-9,+5.60,105.1,157,99.5,85,67.5,171,+.003,177,-4.19,259.0,102.1,264.0,106.3,235.0,0.19,162.0
97,110,Grand Canyon,WAC,20-14,+5.43,107.4,115,102.0,126,67.7,161,-.038,271,-0.56,158.0,104.1,162.0,104.6,174.0,0.17,163.0
98,111,Georgia St. 14,SB,24-9,+5.42,107.9,106,102.5,137,69.9,66,+.126,3,0.73,124.0,104.9,130.0,104.1,148.0,3.75,71.0
99,112,Utah,P12,17-14,+5.41,114.4,22,109.0,262,66.2,240,+.031,101,4.63,71.0,105.8,86.0,101.2,61.0,-0.54,182.0
100,113,Old Dominion 14,CUSA,26-8,+5.29,101.8,224,96.6,45,64.3,325,+.055,60,-2.67,221.0,101.9,272.0,104.6,172.0,-5.67,322.0
101,114,Boston College,ACC,14-17,+5.25,107.7,110,102.4,134,67.2,193,+.019,133,7.57,57.0,107.4,62.0,99.9,48.0,-6.44,330.0
102,115,St. Bonaventure,A10,18-16,+5.15,102.1,216,96.9,50,63.8,330,-.044,288,0.12,140.0,103.5,193.0,103.4,115.0,-0.71,186.0
103,116,SMU,Amer,15-17,+5.15,112.0,42,106.9,226,64.9,309,-.070,322,2.94,91.0,104.9,127.0,102.0,75.0,-5.71,323.0
104,117,Stanford,P12,15-16,+5.12,103.4,190,98.3,72,69.8,69,-.027,248,4.31,72.0,106.6,73.0,102.3,85.0,1.14,131.0
105,118,Charleston,CAA,24-9,+5.10,108.5,93,103.4,152,65.3,289,+.019,129,-3.4,236.0,105.0,123.0,108.4,334.0,0.15,166.0
106,119,Harvard 6,Ivy,19-11,+5.04,105.1,158,100.0,98,67.2,192,+.066,33,2.4,95.0,105.2,115.0,102.8,96.0,3.92,66.0
107,120,San Diego St.,MWC,21-13,+5.04,103.9,183,98.8,81,66.5,230,+.056,57,1.63,102.0,105.4,102.0,103.8,131.0,-0.86,192.0
108,,,,,,,Strength of Schedule,NCSOS,,,,,,,,,,,,,
109,Rk,Team,Conf,W-L,AdjEM,AdjO,AdjD,AdjT,Luck,AdjEM,OppO,OppD,AdjEM,,,,,,,,
110,121,Western Kentucky,CUSA,20-14,+4.96,104.8,163,99.8,97,67.6,166,-.000,184,1.27,113.0,104.0,169.0,102.7,95.0,5.04,44.0
111,122,Wright St. 7,Horz,21-14,+4.93,106.8,125,101.9,124,65.0,305,-.040,279,-1.23,176.0,105.1,119.0,106.3,234.0,3.19,88.0
112,123,South Florida,Amer,20-13,+4.80,102.3,210,97.5,60,67.4,186,-.035,264,-0.42,155.0,103.9,174.0,104.3,157.0,-10.18,347.0
113,124,Radford,BSth,22-11,+4.76,108.9,86,104.2,163,64.4,324,-.007,200,-0.7,161.0,104.6,143.0,105.3,197.0,7.48,14.0
114,125,Southern Miss,CUSA,20-13,+4.56,106.7,130,102.1,129,64.7,316,-.005,194,-0.05,147.0,103.3,203.0,103.3,114.0,2.32,101.0
115,126,Central Michigan,MAC,23-12,+4.37,110.3,61,105.9,206,71.2,33,+.022,124,-0.03,145.0,103.7,184.0,103.7,129.0,-10.03,346.0
116,127,Colgate 15,Pat,24-10,+4.36,110.2,65,105.8,203,66.4,236,+.021,127,-4.14,257.0,102.0,271.0,106.1,224.0,1.21,127.0
117,128,Drake,MVC,24-9,+4.33,107.1,120,102.8,142,69.1,96,+.094,11,-1.21,174.0,102.5,243.0,103.7,130.0,0.72,146.0
118,129,Penn,Ivy,19-12,+4.33,104.1,180,99.7,94,66.8,215,+.020,128,0.42,131.0,103.6,190.0,103.2,108.0,0.76,144.0
119,130,Tulsa,Amer,18-14,+4.24,104.8,162,100.6,104,68.7,116,+.040,80,3.04,89.0,105.5,93.0,102.5,89.0,-2.82,251.0
120,131,Loyola Chicago 7,MVC,20-14,+4.24,104.0,181,99.8,95,62.6,348,-.019,231,-1.27,177.0,102.6,239.0,103.8,135.0,-1.4,207.0
121,132,Texas St.,SB,24-9,+4.23,102.1,215,97.9,66,65.0,304,+.034,96,-2.64,220.0,103.5,194.0,106.1,222.0,-5.61,320.0
122,133,Georgia,SEC,11-21,+4.12,105.9,143,101.8,123,68.3,134,-.077,331,9.19,42.0,109.1,34.0,99.9,49.0,-1.6,216.0
123,134,Austin Peay,OVC,22-11,+4.05,110.8,55,106.8,225,68.9,106,-.009,205,-3.58,242.0,103.2,206.0,106.8,259.0,1.35,122.0
124,135,Ball St.,MAC,16-17,+3.96,102.4,207,98.5,77,70.2,58,-.088,335,1.97,97.0,105.0,122.0,103.0,103.0,-0.35,177.0
125,136,Northern Illinois,MAC,17-17,+3.79,108.9,87,105.1,186,65.8,267,-.071,325,1.8,98.0,104.8,133.0,103.0,101.0,-1.96,228.0
126,137,Montana 15,BSky,26-8,+3.47,107.5,114,104.0,160,66.6,225,+.057,52,-6.69,303.0,102.1,267.0,108.8,343.0,4.37,56.0
127,138,Loyola Marymount,WCC,21-11,+3.38,103.1,196,99.7,90,62.7,347,+.078,25,0.14,138.0,104.6,140.0,104.5,168.0,-5.08,308.0
128,139,Boise St.,MWC,13-20,+3.18,107.2,118,104.0,161,65.4,285,-.192,353,0.42,132.0,104.0,165.0,103.6,123.0,0.38,155.0
129,140,Louisiana Monroe,SB,18-15,+3.00,112.4,39,109.4,268,66.3,238,-.054,301,-2.03,204.0,103.2,208.0,105.2,194.0,-3.87,278.0
130,141,Kent St.,MAC,22-10,+2.80,109.7,70,106.9,227,67.3,188,+.140,2,1.31,111.0,104.4,149.0,103.1,105.0,-3.99,285.0
131,142,Rhode Island,A10,18-15,+2.67,103.8,184,101.2,109,67.4,182,+.018,138,0.99,120.0,103.2,210.0,102.2,81.0,-1.7,219.0
132,143,Louisiana Tech,CUSA,20-13,+2.63,104.6,169,102.0,127,65.3,290,-.046,290,-2.18,207.0,102.0,270.0,104.2,152.0,-4.01,286.0
133,144,Brown,Ivy,20-11,+2.09,99.3,272,97.3,55,71.0,34,+.021,126,-2.46,212.0,102.5,246.0,104.9,188.0,-5.14,312.0
134,145,Bucknell,Pat,21-12,+1.95,105.6,146,103.7,154,70.5,49,+.052,64,-2.75,222.0,103.4,199.0,106.1,223.0,3.14,90.0
135,146,Abilene Christian 15,Slnd,27-6,+1.95,103.7,186,101.8,122,66.0,258,+.087,16,-9.19,345.0,99.6,331.0,108.8,345.0,-4.53,297.0
136,147,Samford,SC,17-16,+1.95,106.5,136,104.6,169,69.0,98,-.076,330,-1.92,202.0,104.6,142.0,106.5,243.0,-5.98,326.0
137,148,Southern Illinois,MVC,17-15,+1.75,104.4,175,102.6,139,65.7,273,-.010,208,-0.88,167.0,103.0,222.0,103.9,138.0,0.64,147.0
138,149,Miami OH,MAC,15-17,+1.72,104.7,164,103.0,147,66.2,243,-.025,242,3.5,78.0,105.7,90.0,102.2,83.0,-0.09,173.0
139,150,UAB,CUSA,20-15,+1.48,106.7,128,105.3,193,65.1,298,-.021,235,-1.86,197.0,101.6,281.0,103.5,121.0,-5.09,309.0
140,151,UT Arlington,SB,17-16,+1.40,101.2,240,99.8,96,66.2,251,+.038,86,1.38,108.0,105.0,124.0,103.6,125.0,5.64,35.0
141,152,Pepperdine,WCC,16-18,+1.33,106.8,126,105.5,197,70.2,57,-.057,307,-0.01,144.0,104.2,159.0,104.2,150.0,-6.79,333.0
142,153,UTSA,CUSA,17-15,+1.31,105.6,150,104.2,165,72.0,20,-.017,225,0.54,129.0,103.1,218.0,102.5,90.0,4.26,59.0
143,154,Vanderbilt,SEC,9-23,+0.77,102.1,214,101.4,115,67.1,195,-.109,345,9.59,36.0,109.2,31.0,99.6,42.0,-2.81,250.0
144,155,George Mason,A10,18-15,+0.70,104.5,170,103.8,155,67.6,165,+.023,119,-1.19,173.0,102.3,258.0,103.5,118.0,-3.17,260.0
145,156,Eastern Michigan,MAC,15-17,+0.62,103.4,191,102.8,143,62.7,345,-.006,195,5.34,65.0,107.1,65.0,101.8,65.0,8.65,6.0
146,157,Charleston Southern,BSth,17-15,+0.34,101.5,231,101.2,111,69.2,89,-.092,337,-3.31,233.0,103.4,196.0,106.8,256.0,4.52,54.0
147,158,North Texas,CUSA,21-12,+0.26,99.5,264,99.3,82,65.2,294,-.007,201,-3.95,252.0,101.0,303.0,104.9,187.0,-9.28,343.0
148,159,UNLV,MWC,17-14,-0.15,106.0,142,106.1,211,67.4,185,+.014,146,-1.91,200.0,103.1,214.0,105.0,190.0,-3.24,261.0
149,160,Florida Atlantic,CUSA,17-15,-0.29,99.4,271,99.6,89,67.4,180,-.039,273,-1.5,182.0,102.9,225.0,104.4,163.0,-1.12,203.0
150,,,,,,,Strength of Schedule,NCSOS,,,,,,,,,,,,,
151,Rk,Team,Conf,W-L,AdjEM,AdjO,AdjD,AdjT,Luck,AdjEM,OppO,OppD,AdjEM,,,,,,,,
152,161,Bradley 15,MVC,20-14,-0.32,101.1,244,101.4,117,65.1,302,+.040,82,-2.09,206.0,102.2,261.0,104.3,154.0,-3.78,274.0
153,162,Stony Brook,AE,24-9,-0.32,99.4,269,99.7,93,69.2,90,+.058,50,-6.42,298.0,100.3,320.0,106.7,250.0,-2.84,252.0
154,163,Wake Forest,ACC,11-20,-0.32,104.7,168,105.0,184,67.4,183,+.040,84,8.82,46.0,108.5,45.0,99.7,46.0,-6.11,329.0
155,164,Coastal Carolina,SB,16-16,-0.37,104.5,171,104.9,181,69.4,83,-.063,317,-1.6,187.0,104.7,137.0,106.3,232.0,-0.59,183.0
156,165,Nebraska Omaha,Sum,21-11,-0.38,110.0,67,110.4,290,67.8,154,+.109,6,-3.52,238.0,103.8,176.0,107.3,290.0,2.53,98.0
157,166,Gardner Webb 16,BSth,23-11,-0.41,107.7,109,108.1,252,67.1,196,+.070,29,-4.2,260.0,102.7,236.0,106.9,267.0,-3.65,273.0
158,167,Marshall,CUSA,20-14,-0.49,107.3,116,107.8,242,74.1,6,+.117,4,-0.57,160.0,102.8,229.0,103.3,112.0,1.9,110.0
159,168,Lehigh,Pat,20-11,-0.67,108.8,89,109.5,270,71.4,29,+.083,20,-3.95,253.0,102.3,256.0,106.2,228.0,-1.03,197.0
160,169,Duquesne,A10,19-13,-0.74,104.5,172,105.2,192,69.7,71,+.055,59,-2.4,210.0,101.9,273.0,104.3,158.0,-6.99,334.0
161,170,UC Santa Barbara,BW,22-10,-0.80,105.2,156,106.0,207,64.6,320,+.035,92,-6.98,313.0,101.5,287.0,108.4,335.0,-7.6,338.0
162,171,North Florida,ASun,16-17,-0.83,103.8,185,104.7,174,71.8,24,+.015,145,1.75,100.0,103.9,172.0,102.1,79.0,10.6,4.0
163,172,NJIT,ASun,22-12,-0.88,102.3,211,103.2,149,66.5,231,+.091,13,-3.69,244.0,101.8,275.0,105.5,204.0,-3.63,272.0
164,173,Princeton,Ivy,16-12,-0.88,98.8,277,99.7,92,67.5,177,+.101,8,0.6,127.0,104.4,147.0,103.8,133.0,-0.77,188.0
165,174,Missouri St.,MVC,16-16,-0.88,103.0,200,103.9,158,65.3,288,-.021,234,-1.51,183.0,102.8,228.0,104.3,155.0,-1.7,218.0
166,175,Winthrop,BSth,18-12,-0.94,106.6,133,107.5,239,72.6,16,+.016,142,-2.55,214.0,103.4,200.0,105.9,212.0,1.94,107.0
167,176,Sam Houston St. 8,Slnd,21-12,-1.05,105.9,145,106.9,228,66.2,250,+.022,121,-5.26,283.0,101.1,299.0,106.4,238.0,3.5,84.0
168,177,UT Rio Grande Valley,WAC,20-16,-1.14,99.5,265,100.6,106,70.0,62,+.034,95,-1.81,195.0,102.7,235.0,104.5,169.0,-0.97,196.0
169,178,Northern Iowa,MVC,16-18,-1.14,101.3,238,102.4,135,64.3,327,+.004,170,0.56,128.0,103.1,213.0,102.6,92.0,3.69,75.0
170,179,Presbyterian,BSth,19-15,-1.20,109.6,71,110.8,300,67.6,169,-.052,299,-4.18,258.0,102.7,234.0,106.9,264.0,-0.77,190.0
171,180,Colorado St.,MWC,12-20,-1.24,107.5,113,108.8,258,67.0,205,-.111,349,0.17,137.0,104.8,134.0,104.6,170.0,-1.78,223.0
172,181,Louisiana,SB,19-13,-1.35,106.6,134,107.9,246,72.0,21,+.085,18,-1.28,178.0,104.4,150.0,105.7,206.0,-1.41,208.0
173,182,Ohio,MAC,14-17,-1.61,98.7,279,100.3,101,69.1,93,+.062,38,3.6,76.0,106.7,71.0,103.1,106.0,0.53,150.0
174,183,New Mexico,MWC,14-18,-1.65,104.0,182,105.7,200,72.7,15,-.028,252,0.68,126.0,104.3,152.0,103.7,126.0,-0.14,174.0
175,184,Campbell 8,BSth,20-13,-1.71,108.0,104,109.7,275,65.6,279,+.023,117,-3.79,248.0,103.5,195.0,107.3,285.0,-1.89,227.0
176,185,Saint Joseph's,A10,14-19,-1.75,105.3,154,107.0,231,68.4,125,-.012,217,0.87,123.0,103.2,205.0,102.4,86.0,0.73,145.0
177,186,Oakland,Horz,16-17,-1.82,107.6,111,109.4,267,68.5,120,-.002,185,-1.86,198.0,104.9,128.0,106.8,255.0,2.1,103.0
178,187,Santa Clara,WCC,16-15,-1.95,101.9,218,103.9,157,66.2,244,+.059,49,-0.57,159.0,104.3,155.0,104.8,185.0,-9.41,344.0
179,188,Hartford,AE,18-15,-2.10,108.5,94,110.6,296,66.5,228,-.008,202,-4.96,277.0,101.4,288.0,106.3,236.0,1.09,132.0
180,189,Hampton,BSth,15-16,-2.11,107.8,108,109.9,280,70.9,41,-.109,346,-3.89,250.0,103.0,219.0,106.9,269.0,-1.58,215.0
181,190,Seattle,WAC,18-15,-2.15,100.6,249,102.7,141,67.1,197,-.040,277,-4.95,276.0,102.3,257.0,107.2,280.0,-8.82,342.0
182,191,IUPUI,Horz,16-17,-2.21,103.5,189,105.7,201,68.7,113,-.066,319,-2.99,225.0,103.9,173.0,106.9,266.0,-3.5,269.0
183,192,Purdue Fort Wayne,Sum,18-15,-2.27,106.6,132,108.9,260,71.5,26,-.002,188,-3.52,239.0,104.0,164.0,107.6,302.0,0.26,160.0
184,193,Green Bay,Horz,18-16,-2.34,104.7,167,107.0,229,73.6,11,+.090,14,0.3,134.0,105.7,89.0,105.4,199.0,7.6,12.0
185,194,Northern Colorado,BSky,21-11,-2.52,102.3,212,104.8,180,66.4,237,+.050,66,-7.93,334.0,101.3,290.0,109.2,350.0,-1.43,209.0
186,195,Illinois Chicago,Horz,16-16,-2.85,100.6,250,103.4,153,69.9,67,-.002,186,-2.02,203.0,104.8,132.0,106.8,261.0,0.77,141.0
187,196,Cal Baptist,WAC,16-15,-2.92,105.9,144,108.9,259,67.8,157,-.070,324,-3.3,232.0,102.4,251.0,105.7,207.0,-5.53,319.0
188,197,Mercer,SC,11-20,-2.95,103.4,192,106.4,218,66.7,223,-.113,350,1.46,106.0,106.1,80.0,104.6,173.0,1.46,120.0
189,198,American,Pat,15-15,-3.01,102.0,217,105.0,185,66.4,234,-.119,351,-7.26,322.0,100.6,313.0,107.8,316.0,-10.34,348.0
190,199,Iona 16,MAAC,17-15,-3.01,106.6,131,109.7,274,70.6,48,-.025,243,-6.58,300.0,100.2,324.0,106.8,257.0,0.9,138.0
191,200,Hawaii,BW,18-13,-3.02,103.6,187,106.6,222,66.2,242,-.005,192,-5.9,289.0,100.9,305.0,106.8,260.0,-5.09,310.0
192,,,,,,,Strength of Schedule,NCSOS,,,,,,,,,,,,,
193,Rk,Team,Conf,W-L,AdjEM,AdjO,AdjD,AdjT,Luck,AdjEM,OppO,OppD,AdjEM,,,,,,,,
194,201,Richmond,A10,13-20,-3.18,106.9,123,110.1,284,65.8,266,-.088,336,-2.63,218.0,101.3,289.0,104.0,143.0,-7.66,339.0
195,202,North Dakota St. 16,Sum,19-15,-3.31,107.3,117,110.6,294,64.8,313,+.063,36,-3.44,237.0,104.4,146.0,107.9,317.0,3.53,83.0
196,203,Cal St. Fullerton,BW,16-17,-3.43,99.1,275,102.5,136,69.7,73,+.010,153,-1.03,169.0,103.6,188.0,104.6,175.0,7.26,17.0
197,204,Illinois St.,MVC,17-16,-3.45,101.2,239,104.7,176,66.6,224,+.084,19,-0.31,152.0,103.1,217.0,103.4,116.0,1.27,126.0
198,205,FIU,CUSA,19-13,-3.49,101.9,221,105.4,196,77.4,1,+.104,7,-1.49,181.0,101.7,277.0,103.2,111.0,-2.15,231.0
199,206,Fairleigh Dickinson 16,NEC,21-13,-3.70,106.8,127,110.5,292,66.7,219,+.019,132,-8.36,339.0,99.1,336.0,107.5,298.0,-1.51,212.0
200,207,Appalachian St.,SB,11-21,-3.73,106.0,141,109.7,276,71.5,28,-.083,333,1.08,117.0,105.2,114.0,104.1,147.0,5.07,43.0
201,208,Indiana St.,MVC,15-16,-4.07,101.1,243,105.2,191,68.8,108,+.026,109,0.13,139.0,102.7,231.0,102.6,93.0,3.05,92.0
202,209,Texas Southern,SWAC,22-13,-4.19,104.2,178,108.4,255,74.8,4,+.065,34,-8.04,336.0,98.4,345.0,106.5,242.0,12.33,2.0
203,210,Washington St.,P12,11-21,-4.32,106.0,140,110.3,289,70.5,50,-.059,309,1.37,109.0,105.1,120.0,103.7,128.0,-10.35,349.0
204,211,Rider,MAAC,16-15,-4.36,101.4,235,105.8,202,73.8,8,-.032,258,-6.74,306.0,100.6,311.0,107.3,293.0,0.16,164.0
205,212,Columbia,Ivy,10-18,-4.38,101.9,220,106.3,215,67.5,178,-.060,310,-0.85,165.0,103.2,207.0,104.1,146.0,-3.33,264.0
206,213,Dartmouth,Ivy,11-19,-4.54,103.4,193,108.0,247,65.7,270,-.109,347,-1.6,188.0,102.7,230.0,104.3,159.0,-5.03,306.0
207,214,Pacific,WCC,14-18,-4.55,99.9,259,104.4,167,65.0,307,+.045,71,1.66,101.0,106.0,85.0,104.3,156.0,-3.39,265.0
208,215,Florida Gulf Coast,ASun,14-18,-4.57,101.4,234,106.0,208,67.9,150,-.003,189,-0.72,163.0,103.5,192.0,104.2,151.0,3.98,64.0
209,216,Prairie View A&M 16,SWAC,22-13,-4.57,101.8,225,106.3,217,71.0,37,+.061,39,-8.06,337.0,98.6,343.0,106.6,246.0,6.33,26.0
210,217,William & Mary,CAA,14-17,-4.59,103.5,188,108.1,251,68.5,121,+.029,105,-1.82,196.0,105.8,87.0,107.7,309.0,3.16,89.0
211,218,South Alabama,SB,17-17,-4.65,103.0,198,107.7,241,66.2,241,+.012,149,-3.55,241.0,102.7,233.0,106.3,229.0,-8.09,340.0
212,219,Lamar,Slnd,20-13,-4.76,103.1,195,107.9,244,68.2,141,+.009,156,-7.52,328.0,100.5,315.0,108.1,326.0,1.76,113.0
213,220,Cornell,Ivy,15-16,-4.84,99.9,257,104.7,179,67.8,152,+.074,28,-0.0,143.0,104.0,166.0,104.0,144.0,-1.04,199.0
214,221,Valparaiso,MVC,15-18,-4.87,98.1,289,103.0,145,65.1,300,+.003,175,-1.72,192.0,102.1,269.0,103.8,132.0,-3.29,262.0
215,222,Long Beach St.,BW,15-19,-5.00,101.2,241,106.2,212,71.4,30,+.051,65,-0.44,156.0,104.2,156.0,104.7,179.0,5.74,32.0
216,223,Little Rock,SB,10-21,-5.04,99.8,260,104.9,182,70.3,55,-.149,352,-1.75,193.0,104.2,157.0,106.0,213.0,-2.35,235.0
217,224,Weber St.,BSky,18-15,-5.17,101.4,236,106.6,220,71.0,35,-.022,237,-7.05,314.0,101.9,274.0,109.0,347.0,0.54,149.0
218,225,La Salle,A10,10-21,-5.20,100.0,256,105.2,190,68.8,107,-.040,278,0.21,136.0,103.7,182.0,103.5,120.0,0.76,143.0
219,226,High Point,BSth,16-15,-5.22,99.4,270,104.6,171,63.6,334,+.019,130,-3.78,247.0,103.7,180.0,107.5,295.0,-2.45,239.0
220,227,Evansville,MVC,11-21,-5.28,99.4,268,104.7,178,69.4,86,-.061,313,-0.06,148.0,103.1,212.0,103.2,110.0,1.92,108.0
221,228,Cal St. Bakersfield,WAC,16-15,-5.59,102.4,208,108.0,248,65.3,287,+.055,58,-2.03,205.0,103.6,187.0,105.7,208.0,-2.62,243.0
222,229,UMBC,AE,21-13,-5.59,96.1,313,101.7,121,64.9,310,+.078,24,-6.69,304.0,100.3,319.0,107.0,272.0,-4.11,290.0
223,230,South Dakota,Sum,13-17,-5.77,100.4,253,106.1,210,66.8,211,-.048,293,-3.76,245.0,104.0,168.0,107.7,312.0,-0.5,181.0
224,231,Boston University,Pat,15-18,-5.84,104.3,176,110.2,285,66.2,248,-.025,241,-4.44,267.0,102.5,242.0,107.0,271.0,-3.96,284.0
225,232,Southeastern Louisiana,Slnd,17-16,-6.05,99.3,273,105.4,194,65.1,295,+.009,154,-6.94,309.0,100.5,314.0,107.5,297.0,2.1,104.0
226,233,Quinnipiac,MAAC,16-15,-6.07,105.4,153,111.5,308,66.8,217,-.026,244,-8.87,343.0,99.0,337.0,107.9,318.0,-7.46,336.0
227,234,Massachusetts,A10,11-21,-6.15,102.8,203,109.0,263,67.2,191,-.061,312,-1.48,180.0,102.9,226.0,104.3,160.0,-4.55,298.0
228,235,Detroit,Horz,11-20,-6.19,106.3,139,112.5,320,68.5,124,-.011,213,0.45,130.0,105.3,110.0,104.8,184.0,5.73,33.0
229,236,Sacred Heart,NEC,15-17,-6.43,104.3,177,110.7,298,71.8,23,-.062,315,-7.46,326.0,100.6,312.0,108.0,325.0,-1.12,202.0
230,237,Eastern Kentucky,OVC,13-18,-6.43,99.5,266,105.9,205,76.5,2,+.012,150,-1.67,190.0,103.8,178.0,105.5,200.0,0.95,136.0
231,238,UMKC,WAC,11-21,-6.48,100.9,247,107.4,236,66.2,247,-.052,300,0.06,141.0,105.1,117.0,105.1,191.0,1.46,119.0
232,239,Eastern Washington,BSky,16-18,-6.63,101.0,246,107.6,240,67.7,162,+.026,110,-4.73,273.0,102.9,224.0,107.7,310.0,7.07,18.0
233,240,Holy Cross,Pat,16-17,-6.69,101.1,242,107.8,243,63.5,335,+.067,31,-3.36,235.0,103.3,204.0,106.6,247.0,-1.76,220.0
234,,,,,,,Strength of Schedule,NCSOS,,,,,,,,,,,,,
235,Rk,Team,Conf,W-L,AdjEM,AdjO,AdjD,AdjT,Luck,AdjEM,OppO,OppD,AdjEM,,,,,,,,
236,241,Army,Pat,13-19,-6.73,96.3,311,103.0,146,69.6,75,-.028,250,-4.3,263.0,103.4,198.0,107.7,311.0,-4.3,291.0
237,242,Air Force,MWC,14-18,-6.85,100.6,251,107.4,238,66.4,233,+.030,103,-1.17,172.0,103.0,223.0,104.2,149.0,-3.84,276.0
238,243,California,P12,8-23,-7.21,103.1,197,110.3,287,66.5,232,+.037,88,4.67,70.0,106.6,72.0,101.9,72.0,0.09,168.0
239,244,Norfolk St. 8,MEAC,22-13,-7.25,98.4,283,105.6,199,69.0,99,+.062,37,-10.07,349.0,97.7,350.0,107.8,315.0,1.61,117.0
240,245,Drexel,CAA,13-19,-7.31,105.6,149,112.9,326,69.0,101,+.004,172,-2.62,216.0,104.7,139.0,107.3,289.0,-1.19,205.0
241,246,Middle Tennessee,CUSA,11-21,-7.43,98.1,290,105.5,198,67.5,174,+.013,148,1.79,99.0,104.0,170.0,102.2,80.0,10.35,5.0
242,247,Jacksonville,ASun,12-20,-7.45,98.8,278,106.3,216,70.9,40,-.056,306,-3.23,231.0,102.5,245.0,105.7,209.0,-3.87,277.0
243,248,UC Davis,BW,11-20,-7.50,96.4,309,103.9,156,65.7,271,-.043,283,-1.54,184.0,103.2,209.0,104.7,181.0,4.94,48.0
244,249,Morehead St.,OVC,13-20,-7.52,102.4,206,109.9,282,67.0,200,+.060,46,-0.13,149.0,104.7,135.0,104.9,186.0,5.29,40.0
245,250,Troy,SB,12-18,-7.59,102.8,204,110.4,291,66.9,207,+.053,62,-0.41,154.0,104.3,153.0,104.8,183.0,1.17,129.0
246,251,UMass Lowell,AE,15-17,-7.67,104.5,173,112.2,316,69.7,72,-.026,245,-6.09,293.0,100.2,323.0,106.3,230.0,-3.93,281.0
247,252,Cal St. Northridge,BW,13-21,-7.67,104.7,166,112.4,318,70.8,42,-.018,230,-4.3,262.0,101.7,279.0,106.0,214.0,-3.93,282.0
248,253,St. Francis PA 8,NEC,18-15,-7.68,105.5,151,113.2,329,68.2,137,+.083,21,-6.73,305.0,101.2,294.0,108.0,320.0,6.91,19.0
249,254,Montana St.,BSky,15-17,-7.70,107.5,112,115.2,346,69.9,68,+.008,158,-6.39,295.0,102.1,265.0,108.5,339.0,3.94,65.0
250,255,Western Michigan,MAC,8-24,-7.71,99.1,274,106.8,224,69.1,95,-.039,275,2.81,92.0,106.2,77.0,103.4,117.0,-2.89,254.0
251,256,Rice,CUSA,13-19,-7.75,102.8,202,110.6,295,70.0,61,+.000,183,-2.19,208.0,101.3,292.0,103.5,119.0,0.49,152.0
252,257,Arkansas St.,SB,13-19,-7.81,102.3,209,110.2,286,68.2,140,+.086,17,-0.41,153.0,104.7,138.0,105.1,192.0,0.92,137.0
253,258,Fordham,A10,12-20,-7.82,96.6,305,104.4,166,65.0,303,-.075,329,-4.32,265.0,101.2,297.0,105.5,202.0,-11.49,351.0
254,259,The Citadel,SC,12-18,-7.85,106.5,137,114.3,337,73.5,12,+.028,106,1.26,114.0,105.5,95.0,104.2,153.0,0.49,151.0
255,260,LIU Brooklyn,NEC,16-16,-7.88,98.3,285,106.2,213,70.7,47,-.013,219,-8.37,340.0,99.9,327.0,108.3,332.0,-5.48,318.0
256,261,Delaware,CAA,17-16,-7.98,104.9,161,112.9,325,63.1,340,+.080,23,-4.31,264.0,103.7,179.0,108.0,323.0,-5.91,324.0
257,262,Youngstown St.,Horz,12-20,-7.99,104.1,179,112.1,315,66.9,206,-.004,190,-1.55,185.0,103.9,171.0,105.5,201.0,0.79,140.0
258,263,Robert Morris,NEC,18-16,-8.14,96.0,315,104.2,164,66.2,249,+.043,78,-7.72,330.0,101.1,300.0,108.8,344.0,-1.03,198.0
259,264,New Orleans,Slnd,19-14,-8.14,96.8,302,105.0,183,68.4,126,+.077,27,-6.96,310.0,100.8,309.0,107.7,314.0,6.55,25.0
260,265,Chattanooga,SC,12-20,-8.21,101.3,237,109.5,272,66.0,259,+.025,111,0.7,125.0,105.4,101.0,104.7,180.0,-1.78,224.0
261,266,Siena,MAAC,17-16,-8.28,100.7,248,108.9,261,60.5,352,+.060,47,-7.05,316.0,100.5,316.0,107.6,303.0,-1.51,213.0
262,267,Longwood,BSth,16-17,-8.32,98.3,286,106.6,221,67.0,204,-.015,224,-6.02,291.0,102.3,255.0,108.3,333.0,-9.69,345.0
263,268,Loyola MD,Pat,11-21,-8.62,101.7,228,110.3,288,68.4,127,-.028,249,-3.31,234.0,103.7,185.0,107.0,273.0,-1.3,206.0
264,269,North Dakota,Sum,12-18,-8.81,97.4,298,106.2,214,69.6,78,-.046,289,-3.05,227.0,105.0,125.0,108.0,324.0,1.97,106.0
265,270,Grambling St.,SWAC,17-17,-8.96,95.5,318,104.5,168,69.5,81,-.044,286,-9.66,347.0,98.0,348.0,107.6,306.0,4.16,61.0
266,271,East Carolina,Amer,10-21,-8.98,98.1,291,107.0,230,68.0,144,-.006,197,0.27,135.0,103.3,201.0,103.0,104.0,-11.93,352.0
267,272,UNC Wilmington,CAA,10-23,-9.04,105.4,152,114.5,338,69.2,92,-.034,262,-1.65,189.0,105.5,94.0,107.2,279.0,2.03,105.0
268,273,St. Francis NY,NEC,17-15,-9.18,95.9,316,105.1,187,68.3,136,+.052,63,-7.88,333.0,100.9,306.0,108.7,342.0,-3.32,263.0
269,274,Marist,MAAC,12-19,-9.40,100.2,254,109.6,273,64.4,323,-.054,304,-7.05,315.0,100.3,322.0,107.3,288.0,-2.49,240.0
270,275,Western Carolina,SC,7-25,-9.53,101.5,232,111.1,303,69.4,85,-.051,297,2.45,94.0,106.8,70.0,104.4,161.0,4.95,47.0
271,276,Sacramento St.,BSky,15-16,-9.61,96.3,310,105.9,204,68.0,143,-.011,210,-7.59,329.0,101.7,280.0,109.2,349.0,-2.09,230.0
272,277,Albany,AE,12-20,-9.71,98.4,284,108.1,250,65.8,268,-.066,320,-6.6,301.0,100.3,321.0,106.8,262.0,-5.05,307.0
273,278,Cleveland St.,Horz,10-21,-9.75,101.7,226,111.5,310,68.9,103,-.041,280,-1.71,191.0,105.0,121.0,106.7,253.0,0.77,142.0
274,279,Canisius,MAAC,15-17,-9.78,101.6,230,111.4,307,67.6,168,+.115,5,-5.15,281.0,100.9,304.0,106.1,218.0,4.02,62.0
275,280,Navy,Pat,12-19,-9.79,97.2,299,107.0,232,66.8,212,+.061,40,-2.62,215.0,103.4,197.0,106.0,216.0,-0.77,189.0
276,,,,,,,Strength of Schedule,NCSOS,,,,,,,,,,,,,
277,Rk,Team,Conf,W-L,AdjEM,AdjO,AdjD,AdjT,Luck,AdjEM,OppO,OppD,AdjEM,,,,,,,,
278,281,Houston Baptist,Slnd,12-18,-9.79,102.9,201,112.7,324,73.8,10,-.038,270,-5.47,284.0,101.1,298.0,106.6,245.0,6.85,21.0
279,282,James Madison,CAA,14-19,-9.82,101.1,245,110.9,301,65.1,301,+.056,55,-3.64,243.0,104.9,131.0,108.5,338.0,-3.62,271.0
280,283,Southern Utah,BSky,16-16,-10.01,96.5,307,106.5,219,71.0,38,+.048,68,-6.96,311.0,102.3,254.0,109.3,351.0,1.17,130.0
281,284,North Alabama,ASun,10-22,-10.08,95.1,322,105.2,189,68.3,132,+.006,166,1.38,107.0,104.7,136.0,103.3,113.0,7.42,16.0
282,285,Texas A&M Corpus Chris,Slnd,14-18,-10.17,94.5,328,104.7,173,64.8,314,-.011,211,-5.81,287.0,101.2,295.0,107.0,275.0,3.75,72.0
283,286,VMI,SC,11-21,-10.25,102.2,213,112.5,319,71.5,27,+.018,136,1.37,110.0,106.0,84.0,104.7,176.0,-0.36,178.0
284,287,Towson,CAA,10-22,-10.44,100.2,255,110.6,297,63.4,336,-.049,295,-4.14,256.0,104.0,167.0,108.1,327.0,-4.05,288.0
285,288,Portland St.,BSky,16-16,-10.46,101.6,229,112.1,314,68.9,104,+.046,70,-7.45,325.0,101.3,293.0,108.7,341.0,-1.66,217.0
286,289,Tennessee Martin,OVC,12-19,-10.54,104.7,165,115.2,345,68.4,131,+.009,157,-3.21,230.0,103.1,216.0,106.3,233.0,-0.77,187.0
287,290,George Washington,A10,9-24,-10.63,95.4,319,106.0,209,67.1,198,-.009,206,-0.15,150.0,103.0,221.0,103.2,109.0,-1.79,225.0
288,291,Oral Roberts,Sum,11-21,-10.72,103.4,194,114.1,336,66.8,216,+.013,147,-1.22,175.0,105.5,96.0,106.7,251.0,4.01,63.0
289,292,Tulane,Amer,4-27,-10.75,96.7,304,107.4,237,69.6,76,-.042,281,3.24,85.0,105.7,91.0,102.4,88.0,-3.82,275.0
290,293,Monmouth,MAAC,14-21,-10.78,93.1,334,103.9,159,67.3,187,+.047,69,-4.68,271.0,102.6,237.0,107.3,286.0,3.73,74.0
291,294,Tennessee St.,OVC,9-21,-10.92,98.6,281,109.5,271,69.3,87,-.062,314,-1.91,201.0,103.0,220.0,105.0,189.0,4.57,51.0
292,295,Western Illinois,Sum,10-21,-10.95,97.4,296,108.4,254,67.2,190,-.106,344,-4.5,269.0,104.4,145.0,108.9,346.0,-5.26,315.0
293,296,Milwaukee,Horz,9-22,-11.06,98.4,282,109.5,269,65.9,260,+.016,143,-2.45,211.0,103.8,175.0,106.3,231.0,-1.76,221.0
294,297,Lafayette,Pat,10-20,-11.17,101.5,233,112.7,323,68.8,110,+.004,171,-4.28,261.0,102.5,247.0,106.7,254.0,-3.43,267.0
295,298,North Carolina A&T,MEAC,19-13,-11.31,96.6,306,107.9,245,65.6,281,+.099,9,-10.48,350.0,98.0,347.0,108.5,337.0,3.65,77.0
296,299,Central Arkansas,Slnd,14-19,-11.33,99.8,261,111.1,304,70.4,52,+.019,134,-4.48,268.0,101.1,302.0,105.5,205.0,8.26,8.0
297,300,Fairfield,MAAC,9-22,-11.36,95.9,317,107.3,235,67.7,160,-.094,339,-7.73,331.0,99.5,334.0,107.2,281.0,-2.69,245.0
298,301,Charlotte,CUSA,8-21,-11.38,95.3,321,106.7,223,64.4,322,-.005,193,-1.77,194.0,102.2,260.0,104.0,145.0,-0.04,172.0
299,302,UTEP,CUSA,8-21,-11.47,89.9,343,101.3,114,67.9,148,-.086,334,-2.49,213.0,102.1,266.0,104.6,171.0,-1.55,214.0
300,303,North Carolina Central 16,MEAC,18-16,-11.58,97.6,294,109.2,265,65.2,293,-.008,203,-11.62,352.0,97.0,353.0,108.6,340.0,1.35,123.0
301,304,Bethune Cookman,MEAC,14-17,-11.85,93.5,332,105.4,195,72.1,19,-.030,254,-10.65,351.0,98.7,342.0,109.4,352.0,-1.49,211.0
302,305,Howard,MEAC,17-17,-11.95,101.9,222,113.8,335,71.2,31,+.017,140,-9.17,344.0,97.8,349.0,106.9,268.0,-0.19,176.0
303,306,Northern Arizona,BSky,10-21,-12.00,100.5,252,112.5,321,68.4,128,-.036,267,-6.3,294.0,102.1,263.0,108.4,336.0,0.21,161.0
304,307,Elon,CAA,11-21,-12.11,99.0,276,111.2,305,67.9,149,-.002,187,-3.8,249.0,104.5,144.0,108.3,331.0,-3.51,270.0
305,308,Eastern Illinois,OVC,14-18,-12.14,99.7,263,111.9,313,66.8,214,+.094,12,-4.83,274.0,102.7,232.0,107.5,301.0,-3.88,279.0
306,309,Southeast Missouri St.,OVC,10-21,-12.38,97.6,295,109.9,281,67.5,173,-.033,260,-3.54,240.0,103.1,215.0,106.7,248.0,-2.75,248.0
307,310,Nicholls St.,Slnd,14-17,-12.80,98.7,280,111.5,309,68.4,130,-.005,191,-7.14,319.0,101.1,301.0,108.2,330.0,3.54,80.0
308,311,Stephen F. Austin,Slnd,14-16,-12.92,95.4,320,108.3,253,68.7,114,+.036,91,-6.39,296.0,101.6,283.0,108.0,322.0,3.74,73.0
309,312,Denver,Sum,8-22,-13.11,99.8,262,112.9,327,67.0,201,-.062,316,-3.21,229.0,103.6,186.0,106.9,263.0,-0.78,191.0
310,313,Wagner,NEC,13-17,-13.14,94.0,330,107.1,233,63.7,331,+.043,76,-6.61,302.0,101.6,282.0,108.2,329.0,-0.01,171.0
311,314,Niagara,MAAC,13-19,-13.42,101.7,227,115.1,344,69.5,80,+.031,99,-8.67,341.0,98.5,344.0,107.2,277.0,-7.45,335.0
312,315,Saint Peter's,MAAC,10-22,-13.53,94.5,327,108.0,249,63.1,341,-.013,221,-7.14,318.0,100.9,307.0,108.0,321.0,-2.15,232.0
313,316,Arkansas Pine Bluff,SWAC,13-19,-13.59,96.2,312,109.8,277,65.1,297,+.023,120,-7.07,317.0,99.0,339.0,106.0,215.0,6.07,28.0
314,317,Wyoming,MWC,8-24,-13.70,95.0,323,108.7,257,68.3,133,+.003,176,-1.08,171.0,104.1,163.0,105.2,193.0,-4.01,287.0
315,318,Florida A&M,MEAC,12-19,-13.99,89.2,347,103.2,150,64.8,315,-.007,199,-6.97,312.0,99.9,326.0,106.9,265.0,4.98,46.0
316,319,Central Connecticut,NEC,11-20,-14.61,97.2,300,111.8,312,69.0,100,+.006,165,-5.73,285.0,101.5,286.0,107.2,283.0,3.03,93.0
317,320,Jackson St.,SWAC,13-19,-14.83,89.9,342,104.7,177,65.0,306,+.007,163,-8.79,342.0,98.9,340.0,107.7,308.0,5.24,41.0
318,,,,,,,Strength of Schedule,NCSOS,,,,,,,,,,,,,
319,Rk,Team,Conf,W-L,AdjEM,AdjO,AdjD,AdjT,Luck,AdjEM,OppO,OppD,AdjEM,,,,,,,,
320,321,Mount St. Mary's,NEC,9-22,-14.96,94.9,325,109.8,278,67.0,203,-.012,215,-5.0,278.0,102.4,249.0,107.4,294.0,5.24,42.0
321,322,UC Riverside,BW,10-23,-14.97,98.2,287,113.2,330,63.2,339,-.023,240,-3.18,228.0,102.2,259.0,105.4,198.0,-1.98,229.0
322,323,Tennessee Tech,OVC,8-23,-15.02,89.7,344,104.7,175,68.2,139,-.042,282,-3.04,226.0,104.3,154.0,107.3,292.0,1.43,121.0
323,324,Manhattan,MAAC,11-21,-15.11,89.5,346,104.6,172,61.7,351,+.021,125,-7.76,332.0,100.2,325.0,107.9,319.0,-4.11,289.0
324,325,Bryant,NEC,10-20,-15.34,99.5,267,114.8,343,67.5,176,+.026,108,-7.21,321.0,100.4,317.0,107.6,304.0,-2.42,237.0
325,326,Stetson,ASun,7-24,-15.60,97.7,293,113.3,331,68.7,112,-.054,303,-2.78,223.0,101.7,278.0,104.5,167.0,-2.73,246.0
326,327,Portland,WCC,7-25,-15.70,94.4,329,110.1,283,66.7,220,-.011,212,0.04,142.0,103.6,191.0,103.5,122.0,-7.51,337.0
327,328,Alabama St.,SWAC,12-19,-16.29,94.7,326,111.0,302,67.1,199,+.024,116,-6.89,307.0,99.6,332.0,106.5,244.0,12.53,1.0
328,329,SIU Edwardsville,OVC,10-21,-16.37,96.7,303,113.1,328,69.6,79,+.033,97,-4.93,275.0,102.6,240.0,107.5,296.0,-5.22,314.0
329,330,Idaho St.,BSky,11-19,-16.38,101.9,219,118.3,350,66.7,218,+.067,32,-5.23,282.0,102.5,244.0,107.7,313.0,7.57,13.0
330,331,Binghamton,AE,10-23,-16.57,96.1,314,112.6,322,65.7,269,+.003,178,-4.42,266.0,100.8,308.0,105.2,196.0,-2.75,247.0
331,332,McNeese St.,Slnd,9-22,-16.72,98.0,292,114.7,341,66.2,245,-.047,292,-6.03,292.0,101.2,296.0,107.2,282.0,5.01,45.0
332,333,Morgan St.,MEAC,9-21,-17.75,92.8,337,110.5,293,71.9,22,-.074,328,-12.59,353.0,97.3,352.0,109.9,353.0,-0.19,175.0
333,334,Cal Poly,BW,6-23,-17.77,96.9,301,114.7,340,66.0,256,-.068,321,-3.76,246.0,101.8,276.0,105.5,203.0,-2.43,238.0
334,335,USC Upstate,BSth,6-26,-18.22,93.0,336,111.2,306,67.9,146,-.049,294,-2.86,224.0,103.6,189.0,106.4,241.0,-1.15,204.0
335,336,Southern,SWAC,7-25,-18.37,93.8,331,112.2,317,65.6,280,-.082,332,-7.15,320.0,99.5,333.0,106.7,249.0,7.47,15.0
336,337,South Carolina St.,MEAC,8-26,-18.51,98.1,288,116.7,348,66.8,210,-.037,268,-7.51,327.0,99.2,335.0,106.7,252.0,6.72,23.0
337,338,Maine,AE,5-27,-18.52,93.3,333,111.8,311,63.9,329,-.058,308,-2.62,217.0,102.1,268.0,104.7,178.0,1.68,114.0
338,339,Kennesaw St.,ASun,6-26,-18.98,91.8,339,110.8,299,68.1,142,+.040,83,1.1,116.0,104.2,158.0,103.1,107.0,4.19,60.0
339,340,Savannah St.,MEAC,11-20,-19.49,96.4,308,115.9,347,74.8,3,+.061,42,-9.84,348.0,97.7,351.0,107.5,299.0,4.78,49.0
340,341,Northwestern St.,Slnd,11-20,-19.90,90.0,341,109.9,279,68.5,123,+.069,30,-6.55,299.0,100.8,310.0,107.3,291.0,3.61,79.0
341,342,Coppin St.,MEAC,8-25,-20.27,88.8,349,109.1,264,70.1,60,+.010,152,-7.45,324.0,99.7,329.0,107.1,276.0,8.12,10.0
342,343,San Jose St.,MWC,4-27,-21.90,91.8,338,113.7,334,69.2,91,-.021,233,-1.05,170.0,103.7,181.0,104.7,182.0,-4.91,303.0
343,344,Alabama A&M,SWAC,5-27,-22.64,86.6,350,109.2,266,65.5,283,-.044,287,-8.22,338.0,99.0,338.0,107.3,284.0,0.27,159.0
344,345,New Hampshire,AE,5-24,-22.90,84.4,353,107.3,234,65.5,284,-.015,223,-5.9,290.0,101.6,284.0,107.5,300.0,-4.49,296.0
345,346,Incarnate Word,Slnd,6-25,-23.01,97.4,297,120.4,353,64.8,311,-.066,318,-5.08,280.0,101.3,291.0,106.4,237.0,4.56,52.0
346,347,UNC Asheville,BSth,4-27,-23.82,93.0,335,116.9,349,61.8,350,-.032,255,-0.72,162.0,105.1,116.0,105.9,211.0,4.47,55.0
347,348,Idaho,BSky,5-27,-23.98,94.9,324,118.9,352,65.2,292,-.036,265,-6.93,308.0,102.2,262.0,109.1,348.0,-3.42,266.0
348,349,Alcorn St.,SWAC,10-21,-24.59,88.9,348,113.5,332,65.6,276,+.031,100,-8.0,335.0,98.8,341.0,106.8,258.0,8.24,9.0
349,350,Mississippi Valley St.,SWAC,6-26,-25.06,89.5,345,114.6,339,69.1,94,-.018,227,-6.4,297.0,99.7,330.0,106.1,219.0,6.79,22.0
350,351,Chicago St.,WAC,3-29,-28.29,90.2,340,118.5,351,70.0,63,-.012,216,3.02,90.0,105.4,98.0,102.4,87.0,5.76,30.0
351,352,Delaware St.,MEAC,6-25,-29.34,84.4,352,113.7,333,69.6,77,+.008,159,-9.5,346.0,98.1,346.0,107.6,307.0,0.98,135.0
352,353,Maryland Eastern Shore,MEAC,7-25,-29.40,85.3,351,114.7,342,63.0,343,+.024,114,-7.43,323.0,99.7,328.0,107.2,278.0,5.8,29.0
