,Unnamed: 0,Rk,Team,Conf,G,Rec,AdjOE,AdjDE,Barthag,EFG%,EFGD%,TOR,TORD,ORB,DRB,FTR,FTRD,2P%,2P%D,3P%,3P%D,Adj T.,WAB
153,153,149,"Abilene Christian 15 seed, ✅",Slnd,29,27-6,101.8203,100.4113,.5411149,52.498,49.6123,17.496,23.49,27.7200,27.8159,34.5139,38.4297,49.8197,49.2133,38.319,33.5118,66.9280,-2.781
238,238,230,Air Force,MWC,31,14-18,99.8250,105.8231,.3375230,51.3142,53.6300,19.3228,17.8222,23.2319,24.118,28.3293,28.661,53.164,53.6303,32.3274,35.7249,67.6242,-10.7215
112,112,109,Akron,MAC,31,17-16,98.4266,92.820,.6621109,48.2286,45.512,17.387,19.1131,25.1272,29.9250,27.7303,30.6117,48.8229,46.128,31.7296,29.611,67.3256,-8167
57,57,56,Alabama,SEC,34,18-16,107.597,95.743,.791656,50.3189,48.991,19.5241,16.9271,31.578,28166,3848,29.684,49.9192,48.5102,34193,33.3105,69.9122,-0.555
359,359,347,Alabama A&M,SWAC,32,5-27,87.1350,109.5288,.0670347,45.8335,53.7306,22.3331,2145,28190,32.1312,25.1332,38.8303,45333,54.1318,31.6302,35.3224,66.9283,-22.8353
348,348,336,Alabama St.,SWAC,29,12-19,93.4328,111.8320,.1123336,46.1331,53281,21313,21.238,31.674,32.4316,37.460,36.9273,44.7338,53.6303,32.1284,34.7193,68.3210,-13.8280
278,278,269,Albany,AE,31,12-20,97.8280,106.6244,.2703269,49.3237,52.1234,20.9312,18.5166,27.3210,28.3176,32.5196,30.2103,46.9292,51215,34.8150,35.9261,67.1267,-15.7312
362,362,350,Alcorn St.,SWAC,27,10-21,88.7345,112.7332,.0602350,45.7338,52.7267,24.1348,18.2186,30.1105,31.5291,30.5250,36.5264,45333,55.3336,31.3308,32.155,66.9284,-16.9327
190,190,184,American,Pat,30,15-15,101.6207,103.5169,.4473184,53.267,48.255,18.7185,17.7227,26.1244,27.4142,35.894,34.8227,55.620,50169,32.5262,29.26,67.8234,-11.3226
202,202,196,Appalachian St.,SB,29,11-21,105.4137,108.2269,.4264196,51.4136,53.8312,17.8122,17.4245,25.9250,29.8244,3769,34.1215,51.3118,52.8281,34.4168,37.3313,72.631,-14.1284
106,106,103,Arizona,P12,32,17-15,103.8165,97.775,.6674103,49254,50.9177,16.757,20.368,28.4174,25.969,33.3178,35232,48.1249,51.9253,33.6212,32.980,68.1221,-4.5112
61,61,60,"Arizona St. 11 seed, ✅",P12,33,23-10,108.672,97.368,.779760,50.8170,48.255,18.8194,19137,32.160,26.6101,44.23,38.4297,50.5161,46.845,34.2179,33.3105,71.851,-0.254
54,54,53,Arkansas,SEC,33,18-15,109.563,97.166,.799753,51.3142,49.4113,18.4160,22.615,28.5171,35.1349,38.441,41.5331,50.9143,48.9121,34.6159,33.5118,71.849,-2.476
344,344,332,Arkansas Pine Bluff,SWAC,31,12-19,93.9326,111.1311,.1260332,48.4277,51.6207,22.1328,19.797,29.1144,30.7271,42.410,45347,47290,50.8206,34193,35.5238,66.9281,-14.1286
244,244,236,Arkansas St.,SB,30,13-19,102.3192,108.9277,.3290236,47.2311,51.6207,19.4235,17.1262,33.730,29.8244,37.949,43.7343,46.5302,50.2180,32.3274,36266,69.3145,-12.6251
237,237,229,Army,Pat,31,13-19,96.1304,101.8142,.3402229,49.6223,53.3294,16.546,18.7155,21.6339,22.98,24.3340,28.456,51136,53.4295,31.8294,35.4233,7174,-13.9281
12,12,13,"Auburn 5 seed, ✅",SEC,34,26-9,119.67,95.742,.928813,54.240,51.8220,17.5104,25.31,32.747,32.9325,31239,36.6267,51.3118,50.4189,38.126,35.6244,69.2150,616
132,132,128,Austin Peay,OVC,31,22-11,110.155,105.7226,.6144128,52.977,52.5254,16.651,20.853,32.355,30255,34.7132,34.2218,51.1130,53.5298,37.541,34148,70.2106,-5.2125
92,92,90,BYU,WCC,32,19-13,110.058,102.7160,.686590,52.880,50.7167,15.316,17.6230,23.7307,27117,4025,35.4241,54.732,48.391,33239,36.6289,72.432,-3.290
144,144,140,Ball St.,MAC,32,16-17,100.5230,97.774,.5798140,51.8122,47.332,20.2286,17.9215,27.5205,28.6197,37.657,30.4111,53.555,46.845,32.2280,32.155,71.465,-8.6179
48,48,48,"Baylor 9 seed, ✅",B12,32,19-13,113.027,98.791,.825248,50.9165,48.675,19.9264,18.5166,38.12,28.8207,32.6193,36.5264,50.9143,47.153,34193,34.1156,66.6294,0.449
53,53,52,"Belmont 11 seed, ✅",OVC,31,27-5,114.220,101.2127,.800352,57.93,48.778,15.418,16.3305,25.2270,24.627,28.4292,27.437,59.62,47.153,37.247,34.6186,72.433,0.942
318,318,307,Bethune Cookman,MEAC,29,14-17,93.1331,104.7197,.2053307,48.3282,47.843,21.5321,19.797,33.532,31.5291,37.166,36.6267,48.3245,48.7109,32.4267,30.925,73.124,-13.1265
338,338,326,Binghamton,AE,31,10-23,95.9306,112.3327,.1392326,49.5229,52.3248,18.5171,16.7282,20.9344,31.7300,24.3340,25.215,48.4241,49123,33.9199,38.4333,67275,-17.4330
120,120,117,Boise St.,MWC,32,13-20,107.792,102.3151,.6443117,53.950,51.8220,17.387,18.5166,23.5311,24.420,31.8218,33.6203,54.732,52255,35.2126,34.3172,66.7289,-12238
117,117,114,Boston College,ACC,31,14-17,107.0103,101.3131,.6524114,48.5274,48.465,17.5104,16.6290,28.6168,31.5291,35113,29.479,49.1222,48.8114,31.7296,3249,68.5196,-4.9120
236,236,228,Boston University,Pat,32,15-18,103.5170,109.5291,.3431228,53.459,54.6327,18.8194,18.2186,28.6168,25.144,24.8335,32.5168,54.537,56.4342,34.2179,34.7193,67.6241,-13263
116,116,113,Bowling Green,MAC,32,22-12,107.693,101.8143,.6535113,50.5177,50.8172,16.651,17.8222,30.796,24.836,34.9119,31.1127,48.8229,50169,35.898,34.6186,71.367,-4.3107
170,170,165,"Bradley 15 seed, ✅",MVC,33,20-14,100.5232,100.9121,.4892165,49.7221,47.639,18.9204,18.6159,27.1216,26.7105,36.379,35.3239,46.7296,46.433,36.856,3389,66.3305,-8166
147,147,143,Brown,Ivy,29,20-11,98.2275,96.249,.5613143,50.2194,47.741,20275,21.142,24.5287,27.1122,36.970,31.6139,50.1184,50169,33.7208,29.712,72.237,-5.6133
333,333,322,Bryant,NEC,30,10-20,98.6262,114.2341,.1560322,49254,54.9331,18.4160,18.6159,26.6233,30.2261,36.872,35.4241,49.2216,52.8281,32.5262,38.8342,69.1158,-16.2316
158,158,153,Bucknell,Pat,33,21-12,104.0158,103.3166,.5187153,5373,49.2107,17.387,16.6290,25.8253,27.6152,33.9155,32.4161,53.358,48.8114,35.1131,33.3105,71.752,-5.5132
26,26,26,"Buffalo 6 seed, ✅",MAC,33,31-3,113.325,94.933,.884726,53.459,47.229,15.619,20.465,31.674,26.7105,32.2206,31.5136,55.815,48.8114,33.6212,29.712,75.110,5.618
71,71,70,Butler,BE,33,16-17,111.143,100.6116,.757970,52.1106,52.7267,16.128,18.9144,25.7257,27.6152,25.2330,36.3262,51.4113,52.2262,35.3118,35.7249,67.1273,-3.9101
200,200,194,Cal Baptist,WAC,27,15-15,105.0142,107.6261,.4288194,51.2148,48.887,18136,15.1338,28.8161,28.9213,32.4200,39.6318,50.4170,46.949,34.8150,35.4233,69.2151,-9.1191
343,343,331,Cal Poly,BW,27,6-23,97.0293,114.7344,.1278331,47.2311,52.6258,1769,15.6323,26.1244,31.4289,25.8324,38.1294,46.6301,51.5234,32288,36.5281,67.3259,-18.6338
243,243,235,Cal St. Bakersfield,WAC,28,16-15,101.3213,107.7262,.3330235,47.3309,51.8220,19.5241,20.273,383,29.4227,29.3278,52.2352,47290,49.8156,31.9292,36.5281,66.7290,-8.9184
224,224,217,Cal St. Fullerton,BW,31,16-17,97.9278,102.1148,.3801217,49.3237,48.991,19.1218,16.8277,24.6283,26.593,38.539,35.8251,50.5161,49.1127,31319,32.259,70.979,-9.7201
262,262,253,Cal St. Northridge,BW,33,13-21,103.5169,111.3314,.3038253,51.5130,51.6207,16.757,17.1262,28.4174,32.5318,31.8218,32.2158,50.3178,48.286,36.189,38.4333,72.142,-14.7294
221,221,214,California,P12,31,8-23,102.7184,107.0253,.3824214,48.6267,56.9348,16.546,20.561,23.3316,31.4289,34.8124,36.1257,46.5302,56.7343,35136,38.1330,67.8231,-13.7277
192,192,186,Campbell,BSth,30,20-13,106.6114,108.9276,.4398186,52.880,54.6327,14.814,19.5105,23.7307,28.9213,31.2232,36253,54.830,53.6303,33.8204,37.3313,67279,-7.6161
289,289,279,Canisius,MAAC,32,15-17,101.2216,110.9309,.2594279,50.5177,53.6300,18.6181,20.561,27220,31.9305,31.4227,36.9273,5294,53.3293,32.4267,36266,68.9166,-11.7232
310,310,300,Central Arkansas,Slnd,30,14-19,98.6261,110.4301,.2147300,49.1246,51.9228,19.7254,18209,24.5287,30.9276,34.2148,34.3221,46.3312,51.2222,35.3118,35.3224,71.850,-13.3269
336,336,325,Central Connecticut,NEC,29,11-20,95.2313,111.2312,.1436325,47316,53281,19.8258,18.1196,29.6125,29.9250,34.1151,37.2279,45.8322,51.5234,32.8248,36.6289,70.3102,-15.3304
134,134,130,Central Michigan,MAC,32,23-12,109.464,105.3213,.6082130,51.4136,50.1145,16.233,18.7155,3187,33.1333,4025,28.870,48.9226,53.6303,36.954,29.37,72.239,-4102
136,136,132,Charleston,CAA,32,24-9,106.9104,103.0164,.6059132,54.240,52.1234,15.619,19.1131,25.6261,25.969,33.5171,26.422,56.311,53.7310,33.7208,33.3105,66.6292,-386
183,183,177,Charleston Southern,BSth,28,17-15,100.6227,101.6140,.4723177,50206,51.4200,17.9128,21.335,29.3132,28.1169,27.4309,30.9125,47.5273,49.7148,35.6103,35.8255,70.3104,-9.4197
322,322,311,Charlotte,CUSA,29,8-21,94.8318,107.5259,.1920311,48.1287,51.3196,22327,17.9215,22.3332,26.490,36.379,32.6170,49.2216,49.9159,31.1315,35.5238,65.7324,-15.5306
246,246,238,Chattanooga,SC,29,12-20,101.2218,107.7264,.3267238,51.5130,52.9276,19.1218,15.4328,24.6283,28.4187,24.2343,31.6139,49.3210,52255,36.381,36.4279,67.8235,-12.7252
363,363,351,Chicago St.,WAC,30,3-29,88.3346,117.2350,.0372351,44.2346,57.8352,22.5333,16.7282,22.1334,33.9339,33.1184,33.9209,43.5347,57.9352,30.7330,38.5337,71.753,-20.9349
28,28,28,"Cincinnati 7 seed, ✅",Amer,34,28-6,111.639,94.029,.878328,49254,48.151,16.128,20.949,37.64,29.4227,38.145,30.5113,47.3278,44.715,35136,35.1214,64.8335,5.220
22,22,23,Clemson,ACC,33,20-13,108.575,90.08,.895523,51.3142,47.537,19.8258,19.6102,27.8196,24.420,32.8188,30.4111,52.191,44.211,33.2229,35209,67.2264,0.448
286,286,276,Cleveland St.,Horz,29,10-21,101.3214,110.8307,.2635276,51.5130,51.6207,18.5171,16.8277,26.3239,33331,31.7221,34212,48.9226,53.2288,36.567,32.980,70.592,-15.2303
160,160,155,Coastal Carolina,SB,30,16-16,103.9164,103.4167,.5133155,51159,50.7167,20.1282,18209,32.550,27.8159,4119,42.8339,48.6237,52.3265,36.567,32.566,70.688,-10.1205
143,143,139,"Colgate 15 seed, ✅",Pat,33,24-10,108.967,105.6224,.5867139,55.913,50.6163,19.3228,18209,30.3103,26.9113,28.9283,28.661,53.946,50.4189,39.111,33.9143,67.8232,-4.3108
70,70,69,Colorado,P12,34,22-12,106.5121,96.350,.762269,51.3142,48.778,19209,17.6230,31.284,23.515,37.262,31.4134,52.671,49.4139,32.6253,31.636,69.2149,-3.898
184,184,178,Colorado St.,MWC,31,12-20,106.7112,107.8265,.4708178,54.432,53.1288,1769,16.2312,23.9304,27.1122,31.9214,29.582,55.521,53.5298,35.2126,35209,68.3207,-12.9258
206,206,200,Columbia,Ivy,26,10-18,102.1198,105.5217,.4075200,51.5130,52.1234,18136,18.9144,24.3294,27.2132,22.4351,38.1294,50.6158,51215,35.4113,35.8255,68.7182,-12.4247
110,110,107,Connecticut,Amer,33,16-17,107.499,101.3130,.6635107,51159,49.6123,18.5171,2083,32.355,30.2261,32.7192,39.2312,50.7151,49.2133,34.4168,33.5118,70.1109,-6.3139
356,356,344,Coppin St.,MEAC,33,8-25,87.5349,109.2284,.0727344,45.5340,50.2148,23.3345,16.7282,26248,28.9213,37.753,33.6203,47.7263,47.153,28.6348,36.5281,71.560,-18.2336
226,226,219,Cornell,Ivy,29,15-16,99.5254,104.0181,.3742219,51.1155,50.5162,18.9204,17.4245,18.8352,28.8207,33.9155,26.827,52.381,50.6197,32.9246,33.7133,69.1153,-8.5176
46,46,46,Creighton,BE,32,19-14,112.035,97.570,.830446,56.67,52.9276,18.5171,19137,24.5287,27.2132,29.1280,28.150,55.718,53284,38.516,35.2220,69.9119,-1.970
205,205,199,Dartmouth,Ivy,28,11-19,103.1177,106.4237,.4110199,51.8122,53281,17.6112,16316,23.9304,24.836,24.8335,27.945,50.6158,54.6325,35.898,33.198,67.2261,-12.9255
85,85,83,Davidson,A10,33,24-10,107.595,99.3100,.713083,53.171,48.361,16.757,16.7282,23.3316,24.836,28.3293,3097,52.868,47.360,35.6103,3389,65.9317,-0.860
59,59,58,Dayton,A10,33,21-12,110.947,99.096,.785958,56.110,47.946,18.8194,16.8277,26.9224,27.4142,32.1208,23.85,59.53,47.770,33.2229,32.155,66316,-2.375
93,93,91,DePaul,BE,31,16-15,111.242,104.0180,.685391,52.787,52.8273,19.2222,17.6230,3342,24.627,34.9119,31.3130,52.868,51.2222,34.9146,36.6289,70.786,-4.8118
269,269,260,Delaware,CAA,31,17-16,103.5171,111.8318,.2931260,53.364,52.8273,17.278,14.9342,24.2298,28.8207,31.2232,28.661,50.9143,49.9159,37.833,38.4333,64.6339,-10.9218
364,364,352,Delaware St.,MEAC,29,6-25,84.3352,112.4329,.0355352,40353,52.4253,19209,18.9144,27.8196,31.6296,25.5327,39.2312,37.7353,52.6273,29347,34.7193,71.463,-21.7351
323,323,312,Denver,Sum,29,8-22,98.4267,111.5317,.1911312,50.2194,56.5345,19.7254,15.7321,26.4236,22.98,26.2318,28.352,47.8258,51.7246,36.284,41.8353,68.6190,-16.1314
242,242,234,Detroit,Horz,31,11-20,105.5134,112.0322,.3332234,49.7221,54.4323,16.337,19.888,29.3132,36.4352,31239,32.7174,46.7296,56.2340,35.6103,34.5180,69.9121,-12.4246
122,122,119,Drake,MVC,31,24-9,106.7109,101.5137,.6412119,53.950,48.778,19.2222,16.7282,24.6283,2673,33.4175,29.277,53.750,50.7202,3691,30.116,70.3101,-387
280,280,271,Drexel,CAA,31,13-19,103.3174,112.7333,.2684271,51.3142,55.6337,16.651,14.6347,29.2138,26.386,30.6247,30.3107,50.9143,54.7327,34.7156,38.2332,70.690,-13.5273
2,2,3,"Duke 1 seed, ✅",ACC,34,29-5,119.48,88.26,.97013,53.459,44.69,17.7117,19.888,36.112,29.7243,34.6136,247,58.34,44.919,30.2338,29.37,73.818,11.51
167,167,162,Duquesne,A10,32,19-13,103.9162,104.2185,.4915162,49.9210,49.9133,19.8258,21.628,31.962,35.1349,35113,31.9151,51.1130,49.5141,32.2280,33.8136,70.880,-6.6143
257,257,249,East Carolina,Amer,31,10-21,98.3271,105.4216,.3090249,46.1331,51178,19209,19.5105,28.2183,31279,35.6100,41.8333,47.7263,52255,28.4349,32.980,69.7131,-12.8253
119,119,116,East Tennessee St.,SC,32,24-10,107.889,102.1147,.6523116,54.629,52.6258,20275,20.561,376,23.917,30265,30.5113,5526,48.5102,35.995,39.1348,68.3206,-1.667
309,309,299,Eastern Illinois,OVC,31,14-18,99.2257,110.7306,.2201299,49.6223,53.6300,18.8194,18.4178,29.2138,30.5269,28.7286,33.1188,46.7296,50.3184,36.284,39345,68.1216,-12.3245
252,252,244,Eastern Kentucky,OVC,29,13-18,98.5264,105.1206,.3212244,47.8300,53.2292,18.2148,21.529,27.3210,31.1283,32.6193,39.7320,47.7263,54.4323,32288,34148,78.42,-11.5228
161,161,156,Eastern Michigan,MAC,28,15-17,101.8205,101.5139,.5065156,48.5274,50.8172,20.8308,20.178,34.322,34.9348,33.9155,32153,50.5161,50.4189,29.9340,34.2164,64.2344,-8.1170
248,248,240,Eastern Washington,BSky,33,16-18,100.1244,106.6243,.3255240,50.3189,52.5254,17.174,16.6290,24.6283,23.616,27311,34.8227,48.9226,50.1176,34.8150,37.4320,68.8173,-12239
303,303,293,Elon,CAA,30,11-21,99.1258,109.5287,.2407293,52112,53.6300,18.4160,15.2334,22.4331,28.3176,24.3340,29.479,52.286,51.5234,34.6159,37.8325,69.3146,-16.1315
268,268,259,Evansville,MVC,30,11-21,97.9277,105.5220,.2982259,49.4236,50139,18.5171,17.1262,18.9351,26.279,37.559,37.5282,47.9254,49123,34.2179,34.8199,70.882,-14.6293
214,214,207,FIU,CUSA,28,19-13,100.9223,104.6194,.3985207,49254,53281,17.7117,23.56,25.6261,34.1340,37.262,35.7245,52.191,53.5298,29.8341,34.8199,78.91,-8168
296,296,286,Fairfield,MAAC,31,9-22,95.6308,104.9201,.2561286,50.7172,52.6258,20.7303,21.432,26.1244,28.9213,23.9346,40.1325,49.5205,51.2222,35136,36.6289,69.1154,-17.8333
227,227,220,"Fairleigh Dickinson 16 seed, ✅",NEC,32,21-13,105.5133,110.4300,.3724220,54.827,51.7214,19.6247,20.368,29.8114,32.9325,35.4103,29.684,51.5109,51.1218,40.55,35.1214,67.9225,-9.3196
24,24,25,"Florida 10 seed, ✅",SEC,34,19-15,110.057,91.716,.890225,49.9210,48.465,18136,22.615,31.185,31.7300,30.4254,33.6203,49.8197,48.6105,33.5220,3249,64.1345,0.547
329,329,318,Florida A&M,MEAC,29,12-19,88.3347,101.4136,.1682318,49.1246,48.570,24.6352,21.725,27.9192,32.4316,31.1235,40.5328,46.9292,50.4189,36.474,30.219,66.2312,-14.2287
162,162,157,Florida Atlantic,CUSA,29,17-15,98.3270,98.283,.5052157,47.9295,4849,20.7303,18.1196,29150,25.247,28.6287,32.1157,47.3278,47.976,32.5262,32.155,68.7187,-9.2192
229,229,222,Florida Gulf Coast,ASun,30,14-18,99.9247,104.8198,.3657222,52.691,52.1234,21.2318,19.2125,25.6261,30.8273,31.9214,27.437,50.7151,49.9159,36.954,36.8298,69.6132,-11.3224
15,15,16,"Florida St. 4 seed, ✅",ACC,34,27-7,112.133,91.012,.916916,50.7172,47.332,19.2222,20.368,33.140,26.9113,36.379,36.1257,51136,46.230,33.6212,32.670,69.7127,88
249,249,241,Fordham,A10,31,12-20,96.4300,102.7159,.3254241,46.8322,49.5117,16.442,19.1131,25.1272,28166,24.5338,36.9273,44.7338,49.6146,33239,32.980,66.2313,-14.8295
177,177,172,Fort Wayne,Sum,30,18-15,106.5119,107.3255,.4791172,55.816,54317,16.862,17.1262,23.1321,28.6197,26.9314,2512,55.815,52255,37.247,38328,72.926,-9.6198
83,83,81,Fresno St.,MWC,31,23-9,107.2100,99.095,.713881,54.531,48.570,18.2148,19.5105,27.4207,25.451,30.2260,35232,51.996,50.2180,38.222,30.723,69161,-1.971
63,63,62,Furman,SC,30,25-8,107.498,96.453,.777562,55.419,47.946,18.4160,20.178,28.7164,30255,24.9334,24.29,56.78,48.6105,3691,31.227,67.8233,-0.556
189,189,183,"Gardner Webb 16 seed, ✅",BSth,31,23-11,105.7130,107.7263,.4477183,54.827,50.2148,16.862,18.1196,22.6329,31279,39.232,27.741,53.848,49.9159,37.736,33.8136,68.5202,-5.1124
175,175,170,George Mason,A10,33,18-15,102.9181,103.6170,.4794170,50.1199,50.2148,18.9204,18.2186,29150,27.2132,34.2148,30.6117,50.5161,51.6242,33239,3249,69.1160,-6.8150
281,281,272,George Washington,A10,33,9-24,95.5310,104.3188,.2674272,45.8335,51.2190,18.2148,17.1262,23.4315,28.5191,32.6193,30.2103,45.3330,49.8156,31.1315,35.6244,68.6192,-15.7310
91,91,89,Georgetown,BE,33,19-14,108.378,101.2125,.687189,51159,50.2148,17.9128,16.3305,29.1144,26.279,38.243,30.3107,49.6201,49.6146,35.6103,34148,73.419,-2.173
128,128,125,Georgia,SEC,32,11-21,104.9144,100.2111,.6286125,50.1199,48.570,22.5333,15.5327,32.747,31279,41.317,29.993,51.1130,47.874,32.2280,33.2102,69.9118,-7.6160
102,102,100,Georgia Southern,SB,31,21-12,107.1102,100.6119,.6728100,54.337,51.4200,18.6181,2083,27.4207,28.7203,35113,31.3130,56.87,51.7246,32.4267,34148,74.613,-5123
115,115,112,"Georgia St. 14 seed, ✅",SB,32,24-9,106.8108,101.0122,.6551112,54.432,50.1145,16.651,21.142,23.3316,33.6337,35.796,31.3130,51.8102,50.5193,38.417,3389,71.171,-1.566
126,126,123,Georgia Tech,ACC,32,14-18,100.0245,95.338,.6357123,49.2242,45.715,21313,18.7155,25.3268,31.6296,34.3143,34.8227,50.7151,46.332,30.7330,29.712,68.3212,-4.5110
1,1,2,"Gonzaga 1 seed, ✅",WCC,33,30-3,124.01,90.810,.97292,59.61,44.28,14.511,18.9144,30.699,27.1122,3688,25.114,62.31,43.15,36.567,30.925,71.948,6.912
298,298,288,Grambling St.,SWAC,31,17-17,94.7319,103.9177,.2552288,50206,45.111,22.1328,18209,25.8253,29.4227,437,42.3336,45.5326,44.715,40.26,30.622,70.594,-11.6230
123,123,120,Grand Canyon,WAC,33,20-14,106.2126,101.1124,.6386120,51.4136,49.9133,17.387,19.3117,29150,25.763,33.7166,29.788,52.574,48.494,33.1234,35.2220,69.1155,-5.7135
201,201,195,Green Bay,Horz,32,18-16,103.1178,105.7227,.4284195,51.2148,53281,16.757,19137,25277,30.8273,35113,32.6170,51136,52.3265,34.3173,36266,75.19,-8.6177
204,204,198,Hampton,BSth,28,15-16,106.6113,109.9295,.4137198,49.1246,51.7214,14.511,16.6290,28.2183,27.4142,34.7132,37.7285,47.8258,51.4231,34193,34.8199,72.240,-11.6231
213,213,206,Hartford,AE,32,18-15,106.9105,110.7305,.4026206,54.240,52.6258,17.8122,19.3117,25.3268,31279,33.1184,29.993,51.5109,53.2288,38.222,34.4175,68.1220,-9.2194
118,118,115,Harvard,Ivy,29,19-11,104.4149,98.993,.6523115,53.267,50.4160,22.5333,17.8222,28.4174,22.45,31.6226,33.5198,52.286,49.7148,36.474,34.4175,68.3209,-3.494
210,210,203,Hawaii,BW,29,18-13,102.4190,105.9232,.4055203,52.3101,50.8172,17.6112,17.4245,26.9224,24.731,31.2232,32.9180,52.286,50.3184,35136,34.5180,67.4253,-8.6178
235,235,227,High Point,BSth,29,16-15,98.2274,103.8173,.3474227,49.1246,50.3158,20.4294,16.3305,34.124,25.553,33.8162,29.175,51136,51.5234,30.3335,32.670,64.9334,-10.5211
107,107,104,Hofstra,CAA,34,27-8,115.018,108.3270,.6658104,55.913,52.1234,13.84,18.3182,26.8227,29.9250,37.753,2512,54.537,51.5234,38.714,35.3224,68.8178,-1.868
256,256,248,Holy Cross,Pat,33,16-17,99.6253,106.5242,.3150248,52.787,53.8312,16.128,22.122,20.6346,32.9325,23.1348,26.827,52.574,52.2262,35.4113,37.3313,64.8336,-11.3225
11,11,12,"Houston 3 seed, ✅",Amer,34,31-3,114.719,91.213,.933712,52.1106,42.41,16.862,18.2186,34.720,26.279,31.9214,37.6283,50.8147,43.15,35.995,27.62,67.3255,7.210
287,287,277,Houston Baptist,Slnd,28,12-18,102.1194,111.8319,.2618277,49.6223,55.7339,19.5241,20.273,33.829,29.6241,42.410,35.7245,49.3210,54.3322,33.4222,39345,74.912,-13261
317,317,306,Howard,MEAC,31,17-17,101.4212,114.1340,.2053306,48.5274,51.8220,16.862,19.888,29.2138,33.4335,33.8162,37.8289,45.5326,50.8206,36.856,35.5238,72.334,-12.9256
208,208,201,IUPUI,Horz,31,16-17,102.1195,105.5221,.4070201,50.2194,52.6258,19.6247,19.6102,34.322,27.8159,35.2106,33.2190,50.5161,50.7202,33239,37305,70.2107,-10.6213
358,358,346,Idaho,BSky,29,5-27,94.3323,118.1352,.0698346,50.3189,53.7306,20275,13.3353,24.2298,32310,28.2296,33.1188,46.5302,55.4337,37.638,34.3172,66.4300,-22.5352
325,325,314,Idaho St.,BSky,28,11-19,102.5187,116.6348,.1848314,52112,56.1342,17.6112,15341,25.8253,29.8244,28.8285,30.6117,50.4170,54.2320,36.284,39.6351,68.2215,-14.4288
67,67,66,Illinois,B10,33,12-21,110.056,98.994,.773766,49.6223,52.2245,18.4160,21.823,29.1144,31.9305,29.5274,42.4337,48.2248,53.6303,34.5165,3389,71.754,-5.4127
180,180,175,Illinois Chicago,Horz,30,16-16,100.4234,101.3132,.4741175,53.364,48.361,20275,17.6230,24.9278,30.4267,27.8301,42334,54.145,46.845,34.9146,33.8136,71.462,-10.2207
215,215,208,Illinois St.,MVC,32,17-16,100.2239,103.9176,.3966208,49.1246,51.3196,18.4160,18.2186,26248,26.176,28.6287,32.8177,49.1222,51.5234,32.7250,34148,68223,-9.2193
353,353,341,Incarnate Word,Slnd,27,6-25,97.3285,118.8353,.0914341,51.9118,59.3353,24.1348,19.797,23.1321,32.7322,34.8124,39.1309,51.4113,61.2353,35.1131,37.6324,66.3306,-20.2343
49,49,49,Indiana,B10,33,18-15,108.476,95.337,.815749,51.4136,48.465,18136,18.1196,28.4174,28.3176,34.8124,28.661,53.653,47.770,31.3308,3389,68.3208,0.250
212,212,205,Indiana St.,MVC,29,15-16,100.8224,104.3189,.4031205,48.6267,51.5205,18.6181,19.4112,23.7307,27.2132,35.894,38290,46.7296,52.1259,35.6103,33.7133,69.9117,-9.7200
219,219,212,"Iona 16 seed, ✅",MAAC,32,17-15,104.8146,109.1281,.3875212,5373,52.3248,17.387,18.6159,25.7257,30.1259,37.166,28.870,53.358,50.2180,35.1131,36.8298,71.947,-10.4209
41,41,41,"Iowa 10 seed, ✅",B10,33,22-11,116.414,100.4114,.845041,52.691,51.6207,17.278,18.5166,29.9110,29220,42.312,28.870,51.5109,53.4295,36.189,32.670,70.884,3.327
18,18,19,"Iowa St. 6 seed, ✅",B12,34,23-11,118.710,97.065,.910519,54.926,48.570,16.233,18.8151,28.5171,30255,30.3256,23.63,5526,47.153,36.567,33.8136,69164,3.826
334,334,323,Jackson St.,SWAC,30,13-19,89.8340,104.3187,.1525323,44.6344,49.2107,20.4294,20.756,28.7164,27117,34.3143,44345,45.9319,46.845,27.9352,35.5238,66.8286,-14.6292
292,292,282,Jacksonville,ASun,30,12-20,97.1291,106.4239,.2582282,49.6223,52.1234,19.9264,18.2186,28.3180,27.4142,30.5250,28.870,51136,50.3184,31.2312,37305,72.335,-14.4289
133,133,129,Jacksonville St.,OVC,31,24-9,103.4173,99.5104,.6084129,50.5177,48.778,18.8194,20.465,3342,25.658,30.2260,30.1102,52.381,47.770,31319,33.3105,68.9169,-3.596
295,295,285,James Madison,CAA,31,14-19,100.2236,110.0296,.2563285,50.2194,52.9276,18.8194,16.4301,30.1105,29.4227,33.4175,34212,47.5273,52.6273,36.663,35.7249,66.2308,-14.1283
19,19,20,"Kansas 4 seed, ✅",B12,34,25-9,112.232,92.417,.903820,52.3101,47.843,18.7185,18.5166,29.7118,28.3176,32.9186,27.741,52.286,45.925,35136,33.6124,71.368,7.89
16,16,17,"Kansas St. 4 seed, ✅",B12,33,25-8,107.891,87.64,.915817,49.5229,48.151,17.496,22.912,28.1187,25.658,30.7245,30.5113,49224,49.1127,33.6212,31.227,64.6340,617
347,347,335,Kennesaw St.,ASun,30,6-26,91.1339,109.0280,.1124335,40.9352,53.7306,19209,17.1262,29.2138,30.8273,30.1263,27.741,39.1352,53.7310,31.4306,35.9261,69.4141,-18.8339
139,139,135,Kent St.,MAC,30,22-10,108.968,105.5219,.5901135,49.5229,52.3248,16.442,19.1131,33.238,30.7271,32.4200,36.2260,49.2216,53.1287,33.4222,34148,68.7181,-2.782
7,7,8,"Kentucky 2 seed, ✅",SEC,33,27-6,117.812,90.811,.95218,53.364,4727,18.5171,18.4178,36.69,25.867,42.58,27.132,52.770,43.68,36.474,35209,67.1268,8.77
264,264,255,LIU Brooklyn,NEC,31,16-16,97.6282,105.0202,.3019255,50.7172,48.255,20.1282,18.5166,28.3180,29.5235,34.4142,35.4241,50.3178,47.770,34.1188,32.877,72.143,-13260
17,17,18,"LSU 3 seed, ✅",SEC,32,26-6,118.79,97.063,.911018,51.7125,50.2148,18.2148,20.756,37.35,30.4267,37.753,34.2218,53.456,49.7148,32.3274,34.1156,71.170,7.111
193,193,187,La Salle,A10,31,10-21,99.9248,102.2149,.4363187,47.2311,51.3196,20.2286,19.888,28.9155,28.9213,28.5290,41.3329,45.3330,51.2222,33.1234,34.2164,70.496,-13.2268
312,312,301,Lafayette,Pat,29,10-20,100.6228,112.6331,.2142301,52.691,54.7329,18.7185,15.3332,22.2333,26.7105,24.5338,31.2128,49.2216,52.9283,38.319,38.6339,70111,-15.7311
218,218,211,Lamar,Slnd,29,20-13,103.0179,107.1254,.3902211,49.3237,52.2245,20275,19.888,36.211,27.4142,42.312,35.7245,48.8229,52.3265,33.6212,34.6186,69.5140,-9190
172,172,167,Lehigh,Pat,31,20-11,107.596,108.2267,.4821167,56.48,50.2148,18.5171,15.6323,23.5311,27.5150,34.9119,30.5113,51.996,49.9159,42.41,33.8136,72.729,-5.5128
81,81,79,"Liberty 12 seed, ✅",ASun,31,28-6,108.477,99.8107,.721279,56.110,48.778,17.278,20.853,25.7257,26.593,26322,32.4161,56.96,48.494,36.663,32.980,63.1351,-0.759
65,65,64,Lipscomb,ASun,31,26-7,109.562,98.386,.775964,55.122,48.361,17.9128,20.273,26.2242,23.414,37.262,28.661,54.242,4880,37.736,32.465,74.214,-0.657
239,239,231,Little Rock,SB,29,10-21,98.3273,104.2186,.3371231,54.432,52.3248,22.6336,19.4112,24.3294,27.2132,42.58,40.3326,54.929,51.7246,35.6103,35.3224,71.755,-15298
232,232,225,Long Beach St.,BW,32,15-19,100.1242,105.4214,.3556225,47.6303,51.1183,19209,18.9144,28.9155,33331,40.820,30.2103,46.3312,51.6242,33.8204,33.5118,72.828,-11.8234
288,288,278,Longwood,BSth,30,16-17,97.3283,106.5241,.2609278,52.1106,50139,20.6301,17.5238,24.5287,25.144,33.6168,33.7206,50.8147,49.5141,35.6103,33.6124,68.2213,-13.2267
169,169,164,Louisiana Lafayette,SB,30,19-13,106.5120,106.9250,.4893164,50.9165,53.2292,17.496,2083,29.1144,31.9305,35.1108,36.9273,50.5161,52.3265,34.2179,36.6289,73.221,-6.6142
146,146,142,Louisiana Monroe,SB,32,18-15,111.341,108.7275,.5665142,53.853,52.9276,16.233,17.4245,26.7229,28.7203,36.478,29.175,49.3210,52.6273,39.67,35.6244,67.5246,-7.6163
154,154,150,Louisiana Tech,CUSA,31,20-13,102.9180,101.8144,.5289150,49.8217,49.3110,1769,19.2125,29.4129,28.8207,35.991,30.2103,49.3210,49.1127,33.7208,3389,66.8288,-7.1153
14,14,15,"Louisville 7 seed, ✅",ACC,33,20-13,113.029,91.314,.920715,50.9165,46.420,17.8122,16.3305,29.2138,25.867,35.1108,31.6139,50.6158,45.723,34.2179,31.738,68.5200,2.731
114,114,111,Loyola Chicago,MVC,33,20-14,104.2156,98.488,.6588111,55.122,51.1183,18.8194,20.561,19.9348,21.71,32210,23.96,5526,48.7109,36.761,36.6289,64348,-7.2155
274,274,265,Loyola MD,Pat,32,11-21,100.5233,109.1283,.2784265,51.6128,55.6337,19.5241,20.659,27.9192,29.6241,33.6168,32.3159,51.8102,53.7310,34.2179,39.2350,69.9120,-15.1299
137,137,133,Loyola Marymount,WCC,30,21-11,102.5188,98.790,.6059133,49.3237,49.6123,19.3228,21.335,29.4129,27117,38.145,36253,50.4170,50.1176,31.1315,32.670,64347,-4103
345,345,333,Maine,AE,31,5-27,93.3330,110.8308,.1218333,48.6267,55.3335,22.2330,19.1131,25.9250,27.2132,25.6326,38.6302,49.9192,52.7280,31319,38.7341,65.1330,-20.8348
335,335,324,Manhattan,MAAC,32,11-21,89.3342,103.7172,.1520324,47.4305,51178,24.1348,23.56,30.699,30.3265,33.3178,45.6348,45.6325,48.6105,33.2229,36.1271,63.2350,-17.4329
247,247,239,Marist,MAAC,31,12-19,100.8225,107.3256,.3259239,52.3101,53281,18.9204,19.3117,24.3294,26.6101,32.2206,35.9252,50.8147,52.6273,36.381,35.5238,65.7322,-15.1301
29,29,29,"Marquette 5 seed, ✅",BE,33,24-9,113.126,95.336,.877629,54.144,45.916,19.5241,16.6290,29.1144,26.279,35.991,35.7245,50.5161,44.818,39.39,31.946,70.3105,3.228
186,186,180,Marshall,CUSA,34,20-14,106.0129,107.5260,.4599180,51.9118,52.9276,16.337,21.529,22.9325,33.4335,30265,33.4196,51.996,52.3265,34.6159,36.1271,75.76,-6.5141
21,21,22,"Maryland 6 seed, ✅",B10,32,22-10,112.531,93.023,.899022,51.9118,4617,19.8258,14.3352,33.926,24.731,32.9186,26.626,51.3118,44.715,35.3118,3249,67.4248,4.322
365,365,353,Maryland Eastern Shore,MEAC,30,7-25,85.8351,114.7343,.0346353,43.5350,54.4323,20.7303,19137,22.8327,31.7300,28.3293,36.6267,44.5341,53.2288,27.9352,37.3313,64.4343,-19.9341
234,234,226,Massachusetts,A10,32,11-21,102.6185,108.4271,.3488226,51.1155,51.2190,20.2286,16.8277,31.578,27.1122,31.3230,41.4330,50.2182,50.6197,35136,35209,68.8172,-13.8279
340,340,328,McNeese St.,Slnd,27,9-22,96.6298,113.6338,.1351328,49.8217,54.2320,21.3319,17.7227,29.7118,31.9305,38.838,29.378,51.3118,53.8315,31319,36.5281,67.3258,-16.4319
58,58,57,Memphis,Amer,35,22-13,108.184,96.556,.786157,51.1155,48.465,19.8258,21.432,33.926,30.9276,37.851,37.7285,52.574,48.494,32.4267,32.360,75.57,-272
209,209,202,Mercer,SC,29,11-20,102.1197,105.5222,.4060202,51159,52.7267,19.3228,20.178,28.8161,32.3314,35.796,34.7226,51.2127,53.4295,33.8204,34.6186,68.1218,-12.3243
62,62,61,Miami FL,ACC,32,14-18,109.860,98.487,.779261,50.8170,52232,16.968,19.888,25.9250,29.8244,30.8243,22.72,51.4113,51.7246,33.3225,34.9206,68.1219,-4.7116
149,149,145,Miami OH,MAC,30,15-17,103.1176,101.2126,.5544145,48.6267,51.1183,18.7185,16.7282,30108,25.348,34.7132,33.9209,48.7235,51.3226,32.3274,33.9143,67.4251,-8.7182
3,3,4,"Michigan 2 seed, ✅",B10,34,28-6,115.916,85.91,.96924,52.1106,44.17,13.51,18.3182,24.5287,25.553,27311,24.911,51.8102,44.512,35136,28.95,65.7326,9.46
5,5,6,"Michigan St. 2 seed, ✅",B10,34,28-6,120.36,91.515,.95896,55.816,43.75,18.7185,14.9342,34.124,26.8112,35113,27.741,54.830,41.32,38.417,31.842,69.1156,10.83
261,261,252,Middle Tennessee,CUSA,30,11-21,96.7296,103.9175,.3065252,46.7326,50.8172,22.8341,17.5238,32.355,28.1169,29.6273,34.2218,45.7324,50.5193,32.3274,34.1156,68.9167,-13.4272
279,279,270,Milwaukee,Horz,30,9-22,98.5263,107.4257,.2699270,48.1287,51.7214,18136,15.3332,26.7229,28.3176,28.2296,36.3262,46.5302,53284,33.8204,33.3105,67.3254,-16.2318
47,47,47,"Minnesota 10 seed, ✅",B10,34,21-13,109.959,95.844,.829647,48.3282,49.1101,17.6112,16.6290,31.962,28.1169,4216,28.352,48.4241,48.391,32.1284,33.9143,68.8171,2.829
37,37,37,"Mississippi 8 seed, ✅",SEC,32,20-12,113.028,96.557,.860037,5373,50.6163,18.2148,2145,30.4102,29.5235,31.7221,33.2190,52.671,47.874,35.898,37.2311,69.5135,0.745
20,20,21,"Mississippi St. 5 seed, ✅",SEC,33,23-10,116.613,96.352,.900721,54.629,50.1145,19.3228,19.797,34.918,29.8244,32.3204,31.7145,53.358,48.5102,37.833,35.3224,68.7186,4.421
360,360,348,Mississippi Valley St.,SWAC,31,6-26,89.6341,113.4337,.0630348,41.9351,54.1318,18.5171,17.5238,28.4174,31.7300,33.7166,32153,40.1350,51.4231,31319,39.1348,70.495,-20.3345
56,56,55,Missouri,SEC,32,15-17,107.2101,95.235,.795155,50.5177,49.4113,21313,18.1196,31.962,25.763,29.8268,38.1294,47.6267,50.6197,36.381,31.946,65.9318,-3.289
176,176,171,Missouri St.,MVC,31,16-16,101.7206,102.4155,.4793171,51.2148,53.5298,18.2148,21.823,25.4267,25.348,36.970,35232,51.4113,49.4139,33.9199,40.3352,67.2262,-10.1204
300,300,290,Monmouth,MAAC,35,14-21,92.8334,102.2150,.2488290,45.8335,51.1183,20.6301,21.238,29.3132,28.5191,40.324,43.2340,46.4309,48.494,29.7343,35.8255,68.7189,-15.4305
140,140,136,"Montana 15 seed, ✅",BSky,32,26-8,106.6115,103.3165,.5880136,56.76,50139,17.496,19.3117,27.7200,2542,32210,37277,56.212,49123,38.319,34.6186,67.7236,-3.392
291,291,281,Montana St.,BSky,31,15-17,105.5135,115.6346,.2584281,53.459,57.1350,17.174,17.2254,26.3239,26.6101,34.9119,28.352,51.1130,57.4349,37.638,37.8325,71.269,-12.3244
272,272,263,Morehead St.,OVC,31,13-20,101.1219,109.5290,.2841263,48.4277,52.5254,17.278,17.7227,27.8196,31.6296,33.9155,28.456,47.1286,51.3226,33.6212,36.4279,68.6191,-12.9257
352,352,340,Morgan St.,MEAC,28,9-20,91.7338,111.3313,.0977340,43.7349,53.4296,17.9128,23.95,31.866,35.2351,34.3143,39.9323,41.5349,52.4271,33.1234,36.7296,73.420,-16.2317
327,327,316,Mount St. Mary's,NEC,29,9-22,95.0316,108.7273,.1747316,47.9295,52.1234,19209,17.8222,25.1272,31.5291,33.9155,34.8227,48.7235,51.1218,31.2312,35.8255,68.5199,-16.8325
68,68,67,"Murray St. 12 seed, ✅",OVC,29,27-4,110.153,99.198,.770567,55.221,46.420,17.278,19.5105,32.452,30255,33.2182,28.456,57.25,48.494,34.4168,28.54,70112,141
211,211,204,NJIT,ASun,32,21-12,99.1260,102.4153,.4049204,50.9165,48.778,17.7117,18.1196,21.6339,26.7105,39.134,29.993,50.1184,48.286,34.8150,3389,67.9227,-6.4140
276,276,267,Navy,Pat,31,12-19,97.0292,105.5218,.2775267,46.8322,52.1234,20.7303,16.6290,31.866,25.553,30.5250,29.788,46.4309,53.2288,31.7296,33.8136,68222,-13.5275
42,42,42,Nebraska,B10,34,19-16,112.134,97.064,.839942,49.2242,47.843,14.47,19.5105,28.3180,32.2313,33.3178,29.684,48.6237,46.433,33.4222,33.7133,67.8229,0.152
185,185,179,Nebraska Omaha,Sum,31,21-11,108.574,109.7292,.4698179,54.432,55333,13.51,16.8277,24.8280,25.658,24.1344,27.132,51.8102,55.2335,39.39,36.5281,69.3148,-4.7117
34,34,34,"Nevada 7 seed, ✅",MWC,33,29-4,112.730,95.439,.872034,54.144,47.639,14.47,19.2125,26.5235,24.731,40.721,27.639,55.124,4626,35.1131,33.4115,70.785,3.925
361,361,349,New Hampshire,AE,27,5-24,83.6353,106.0234,.0612349,44347,51.5205,18.4160,16.9271,21.5341,24.731,21.9352,38290,39.4351,52.1259,32.6253,33.6124,66.9282,-20.2344
191,191,185,New Mexico,MWC,31,14-18,102.7183,104.6191,.4473185,49.5229,51.6207,19.4235,18.3182,29.3132,28.6197,39.331,37.1278,47.8258,50.8206,34.4168,35.5238,73.916,-10.2208
50,50,50,"New Mexico St. 12 seed, ✅",WAC,32,30-4,111.540,98.385,.809650,5448,48.778,17.7117,19.3117,376,22.76,34.1151,32.4161,56.49,47.976,34.2179,33.3105,66.8287,1.437
284,284,275,New Orleans,Slnd,29,19-14,96.0305,104.9200,.2662275,48290,50139,21.8324,22.517,32.846,34.2341,3688,40.4327,47.2281,50.5193,33.3225,32.774,69.5137,-8.7181
321,321,310,Niagara,MAAC,32,13-19,101.5210,114.8345,.1944310,49.2242,53.4296,17.387,16.2312,27.1216,26.279,33.3178,25.316,46.1316,51.3226,35.995,38328,70.978,-15.5308
314,314,303,Nicholls St.,Slnd,27,14-17,98.5265,110.5303,.2107303,50.1199,51178,17.278,18.1196,23.5311,33.6337,21.9352,36253,45.4328,53.5298,3750,30.723,70114,-12.6250
271,271,262,Norfolk St.,MEAC,32,22-13,97.0294,104.9199,.2889262,50206,4997,20.4294,20.853,27.3210,29220,38.441,42.7338,46.5302,47.668,37.443,33.9143,70113,-9189
308,308,298,North Alabama,ASun,29,10-22,94.1325,105.0203,.2206298,44.5345,52.6258,19.3228,17.2254,27.3210,25.144,30.8243,38290,44.4342,52.6273,29.7343,35.1214,69.7129,-14.8296
4,4,5,"North Carolina 1 seed, ✅",ACC,33,27-6,120.65,90.59,.96465,52.977,48.361,17.174,18.5166,34.621,23.212,30.9241,28.974,51.996,47.565,36.567,32.980,76.14,10.34
315,315,304,North Carolina A&T,MEAC,30,19-13,95.1315,106.7245,.2101304,51.1155,48.887,19.4235,20.756,27.1216,34.7345,31.1235,32153,51136,49.5141,34.1188,31.738,67.2266,-8.4175
304,304,294,"North Carolina Central 16 seed, ❌",MEAC,31,18-16,97.9279,108.2268,.2406294,49.9210,49.9133,22.7337,17.5238,34.819,26.9113,33.5171,31.4134,51.3118,50.9213,31.5304,3249,66.2310,-11219
38,38,38,North Carolina St.,ACC,34,23-11,111.937,95.845,.855838,52112,48.887,17.5104,21.725,35.714,28.5191,28.5290,39.4317,51.6107,50.6197,35.1131,30.219,72.730,2.232
263,263,254,North Dakota,Sum,26,12-18,97.3284,104.6195,.3022254,51.3142,52.5254,17.9128,17.3253,21343,25.451,27.2310,3097,49.6201,52.2262,3691,35.3224,70.977,-12.8254
199,199,193,"North Dakota St. 16 seed, ✅",Sum,32,19-15,106.6116,109.2286,.4290193,53.950,53.5298,15.722,14.6347,20.9344,2673,32.5196,26.524,52.479,52.6273,3750,36.8298,66.3301,-8.7180
188,188,182,North Florida,ASun,31,16-17,102.3191,104.2184,.4495182,52.1106,48.151,21.8324,16.9271,29.4129,32.7322,25.3328,30.6117,53.262,47.463,33.9199,33.2102,73.222,-8.2172
168,168,163,North Texas,CUSA,30,21-12,97.2287,97.571,.4907163,49.2242,47.435,20.1282,19.888,30.796,24.420,27.7303,37.7285,50.5161,46.433,31.7296,32.877,66.7291,-7.2154
90,90,88,"Northeastern 13 seed, ✅",CAA,33,23-10,109.761,101.8145,.702588,57.25,51.8220,16.757,16.7282,22.7328,24.319,34.3143,2848,56.49,52.5272,38.813,33.6124,67.4252,-2.783
320,320,309,Northern Arizona,BSky,31,10-21,99.2256,112.2326,.1963309,50.3189,55333,1769,16.6290,25.8253,26.593,33.8162,29.788,49.2216,55.9339,34.6159,35.8255,69.7128,-16.7324
178,178,173,Northern Colorado,BSky,30,21-11,102.1196,102.9163,.4773173,5373,51.4200,18.4160,18.6159,27.7200,25.658,34.8124,28.456,53.653,49.5141,34.9146,37.1308,67.7239,-6.8148
150,150,146,Northern Illinois,MAC,32,17-17,106.4123,104.6193,.5500146,52.691,51.9228,17.278,17.9215,27.2214,26.7105,26.5315,39.1309,51.6107,50169,36.567,36.1271,67.1271,-8.9185
179,179,174,Northern Iowa,MVC,32,16-18,100.5231,101.3133,.4766174,48.9260,51.1183,17.9128,18.2186,23.2319,23.110,27.6306,32.4161,46.2314,51215,35136,34.2164,65.4327,-11.1223
109,109,106,"Northern Kentucky 14 seed, ✅",Horz,32,26-8,108.279,102.0146,.6637106,5524,48.991,17.6112,18.5166,30.796,26.593,35.5101,35.2235,55.323,49.5141,36.474,31.946,69162,-2.579
78,78,76,Northwestern,B10,32,13-19,101.4211,92.719,.738276,46.6327,46.722,16.128,17.9215,24.2298,26.386,30.2260,34212,46.4309,4880,31.3308,29.37,67.1269,-5.5130
354,354,342,Northwestern St.,Slnd,28,11-20,89.2343,109.2285,.0891342,44.7343,51.2190,22.7337,19.5105,28.9155,34.7345,33.6168,36.5264,46.2314,48.184,28350,37.5322,69.7130,-15297
84,84,82,Notre Dame,ACC,33,14-19,107.890,99.6105,.713282,46.2328,4997,145,16.4301,29150,31.1283,30.1263,21.81,45.4328,48.6105,31.5304,33.198,66.4298,-5.3126
171,171,166,Oakland,Horz,32,16-17,106.5122,106.9249,.4889166,54.337,53281,18.4160,17.2254,25.7257,32.5318,35.796,2848,52.381,53.2288,37.931,35.2220,69.5134,-10.4210
197,197,191,Ohio,MAC,30,14-17,98.3272,100.6117,.4336191,48.6267,50.8172,20275,18.5166,28.2183,27.4142,33.2182,31.2128,50.7151,48.9121,29.7343,35.9261,70.689,-8.8183
45,45,45,"Ohio St. 11 seed, ✅",B10,33,19-14,108.183,93.928,.834145,50.5177,48.255,18.7185,18.4178,27.7200,26.176,34154,31.8148,49.9192,47.463,34.3173,3389,67274,140
39,39,39,"Oklahoma 9 seed, ✅",B12,32,19-13,108.769,93.325,.853339,50.2194,47.128,17.496,17.5238,26.2242,27.9164,31.4227,24.18,49.6201,4521,34.2179,33.3105,70.498,2.133
89,89,87,Oklahoma St.,B12,32,12-20,108.966,101.0123,.703387,50.1199,50.3158,18136,17.6230,26.4236,29.4227,30.6247,31.5136,46318,48.391,37.247,35.4233,67.2265,-4.6115
127,127,124,"Old Dominion 14 seed, ✅",CUSA,34,26-8,100.2237,95.540,.6350124,47.7301,45.614,17.9128,18.6159,32.355,24.836,29.5274,32.4161,44.6340,43.47,35.3118,32.566,65.7323,-1.869
277,277,268,Oral Roberts,Sum,30,11-21,103.4172,112.6330,.2730268,52.2104,54.1318,20.4294,14.5349,29.8114,27.1122,26.1320,32.7174,50.7151,51.3226,36.474,39345,68.4204,-14.5290
44,44,44,"Oregon 12 seed, ✅",P12,35,23-12,106.6117,92.518,.836044,51.7125,46.824,17.8122,2145,29.7118,28.1169,30.3256,35.3239,51.996,49123,34.3173,29.410,65.3329,-1.365
105,105,102,Oregon St.,P12,31,18-13,110.451,103.8174,.6688102,52.2104,50.2148,18.3155,17.6230,30.891,29220,36.872,33.5198,54.537,46.743,32.1284,37.3313,67278,-4.1106
220,220,213,Pacific,WCC,30,14-18,98.4268,102.4154,.3850213,47.7301,54.2320,19.6247,19.2125,26.8227,23.110,40.523,42.2335,44.9336,54.1318,35.6103,36.2275,66.3302,-9.7199
95,95,93,Penn,Ivy,30,19-12,103.9161,97.267,.683193,52.691,49.1101,18.4160,19137,24.8280,26.386,28.1299,25.517,52.966,48.7109,34.7156,33.3105,68.4203,-5122
32,32,32,Penn St.,B10,32,14-18,110.154,92.921,.876332,47.5304,49.9133,18.1146,19.6102,31.962,26.386,32.3204,34.1215,47.2281,48.494,32288,35.4233,68.7180,-2.580
152,152,148,Pepperdine,WCC,33,16-18,106.9107,105.2210,.5467148,52112,53.9316,18136,20.949,24.9278,29.5235,35.796,35.7245,48.4241,54.9331,37.931,34.8199,71.656,-9.8203
111,111,108,Pittsburgh,ACC,33,14-19,104.0160,98.181,.6626108,47.9295,47.741,19.6247,21.335,32.160,32.8324,42.312,32.9180,46.9292,45.824,33.1234,33.6124,68.5198,-5.8136
332,332,321,Portland,WCC,30,7-25,93.4329,108.1266,.1562321,47.3309,51.8220,19.9264,16.3305,20.3347,30.1259,3937,34.6225,45.8322,49.2133,32.9246,37.1308,68.3211,-18335
301,301,291,Portland St.,BSky,29,16-16,101.1219,111.4316,.2470291,46.9320,53.7306,19.4235,18.8151,38.71,28.5191,37.361,43.3341,48.3245,54.6325,29.8341,34.8199,70.3103,-12.1241
222,222,215,"Prairie View A&M 16 seed, ❌",SWAC,34,22-13,101.5209,105.8230,.3818215,49254,51.2190,17.496,24.72,29.7118,34.3342,43.16,46.2349,49.2216,53.7310,32.4267,31.227,7244,-7.3157
187,187,181,Presbyterian,BSth,31,19-15,108.281,110.0297,.4521181,53.557,53.7306,14.47,18.4178,25.6261,27.7156,31.1235,33.5198,50.4170,53.6303,3827,35.9261,68.7184,-9.8202
165,165,160,Princeton,Ivy,26,16-12,98.0276,98.182,.4974160,47316,49.7130,17.8122,17.2254,24.3294,24.731,29.8268,28.768,48.1249,50.3184,30.3335,32.566,68.5195,-5.5131
72,72,71,Providence,BE,34,18-16,104.4153,94.531,.757971,48290,49.7130,18.7185,20.273,31.866,28.3176,39.134,32.8177,47.5273,48.8114,32.6253,34.1156,69163,-385
9,9,10,"Purdue 3 seed, ✅",B10,32,23-9,121.24,94.430,.946610,52.787,49.5117,15.925,19.5105,3517,26.6101,29.4277,32.7174,51.2127,47.976,36.474,34.4175,66.9285,6.215
241,241,233,Quinnipiac,MAAC,30,16-14,104.0159,110.4301,.3345233,52.691,50.4160,19.7254,15.9318,29.8114,29.3225,37.851,26.524,48.1249,50169,37.638,34.1156,67.9226,-10.8217
145,145,141,Radford,BSth,30,22-11,106.9106,104.5190,.5667141,52.880,51.9228,16.442,18.1196,29.7118,24.940,27311,30.7124,50.1184,51.7246,3827,34.7193,65.7325,-4.5113
135,135,131,Rhode Island,A10,33,18-15,103.7167,99.9108,.6065131,47.4305,48.778,17.8122,20.273,31.382,27.9164,36.872,35.7245,50189,48.8114,28350,32.360,68.7183,-6.7145
266,266,257,Rice,CUSA,30,13-19,101.2217,109.0278,.2994257,50.1199,51.6207,18.9204,14.9342,26.6233,24.420,38.539,30.6117,48.1249,51.5234,35.3118,34.5180,71.561,-13.1264
159,159,154,Richmond,A10,33,13-20,108.282,107.5258,.5185154,54.144,53.1288,15.316,18.5166,19.1350,29.9250,30.7245,28.768,55.521,54316,34.7156,34.4175,67276,-13.4270
225,225,218,Rider,MAAC,31,16-15,100.1241,104.6191,.3771218,50.6175,53.7306,18136,22.814,30.891,27.4142,39.927,36253,50.4170,53.6303,34193,35.9261,74.911,-10.1206
282,282,273,Robert Morris,NEC,32,18-16,95.1314,103.9179,.2666273,48.9260,51.9228,21.3319,22.418,29.9110,27.8159,32.8188,39307,47.1286,52.3265,34.5165,34.2164,67.5247,-11.4227
75,75,74,Rutgers,B10,31,14-17,105.1140,95.947,.740374,47316,49.2107,19.1218,17.4245,33.434,27117,31.7221,32.4161,47.2281,4751,31.2312,35.3224,68.7179,-3.391
339,339,327,SIU Edwardsville,OVC,29,10-21,95.5311,112.1325,.1361327,46.8322,56.6346,18.7185,18.9144,28.5171,28.5191,34.6136,39.3315,47.6267,56.8346,30.3335,37.5322,70.687,-16.5320
99,99,97,SMU,Amer,32,15-17,111.838,104.7196,.678797,51.2148,50139,16.651,17.5238,33.434,31.6296,27.8301,29.582,51.3118,48.286,34.1188,35.1214,66.2311,-7.1151
290,290,280,Sacramento St.,BSky,28,14-16,96.4299,105.7225,.2586280,48.7265,52.6258,19.1218,21.432,28.2183,27.1122,33.5171,36.8272,48.3245,50.8206,33.1234,37305,68.9170,-12.6249
267,267,258,Sacred Heart,NEC,31,15-17,102.4189,110.3299,.2990258,51.7125,51.8220,19.9264,16.5299,31.866,27117,38.145,31.3130,51.1130,49.3137,35.2126,37.3313,73.223,-13262
163,163,158,Saint Joseph's,A10,33,14-19,105.4138,105.2212,.5030158,48290,51.7214,13.51,15.7321,22336,24.420,31.7221,27.132,47.8258,49.9159,32.2280,36266,69.6133,-10.5212
104,104,101,"Saint Louis 13 seed, ✅",A10,35,23-12,102.1199,95.946,.6711101,46.8322,46.926,19209,19.4112,36.112,25.348,39.728,32.9180,47.1286,46.949,30.8327,31.332,67.4249,-3.188
36,36,36,"Saint Mary's 11 seed, ✅",WCC,33,22-11,113.524,96.454,.866436,5448,48.675,16.337,16.4301,31.382,23.212,29.7271,29.479,52.574,49.1127,37.833,31.842,64346,-0.962
324,324,313,Saint Peter's,MAAC,32,10-22,93.8327,106.8247,.1850313,48.7265,51.2190,23.3345,18.7155,29.9110,27.8159,34.8124,38.5299,48.8229,46.743,32.5262,38.6339,64.8337,-17.1328
166,166,161,Sam Houston St.,Slnd,30,21-12,105.5131,105.8229,.4917161,51.8122,51.2190,18.3155,21.238,29.7118,28.6197,26322,43.3341,48.6237,51.4231,37.541,34148,67.6245,-6.7144
148,148,144,Samford,SC,32,17-16,105.5132,103.4168,.5561144,54.144,49.6123,19.3228,18.1196,28.1187,31.2287,33.9155,28.352,5365,47.360,37.346,35.1214,70.499,-9186
94,94,92,San Diego,WCC,35,21-15,104.2155,97.469,.684492,52.498,49.6123,18.8194,17.5238,24.1301,223,32.4200,37.3281,52.479,49.7148,34.8150,32.980,68224,-3.8100
113,113,110,San Diego St.,MWC,33,21-13,102.5186,96.760,.6606110,49.9210,48.255,18.3155,18.8151,28.9155,28.4187,35.2106,33.3193,47.9254,47.259,35.6103,3389,67.8228,-4105
76,76,75,San Francisco,WCC,30,21-10,111.144,101.5138,.738375,53.557,48.991,15.115,17.2254,28.9155,2542,30.9241,30.6117,53.848,49.3137,35.4113,3249,67.7237,-2.784
351,351,339,San Jose St.,MWC,30,4-27,92.6336,112.3328,.0978339,46334,56.1342,21.9326,15.4328,27.4207,28.7203,34.8124,26.930,44.1344,56.3341,33239,37.3313,70.883,-20.3346
195,195,189,Santa Clara,WCC,30,16-15,100.2238,102.6158,.4341189,51.6128,49.1101,20.5298,16.3305,24.1301,28.3176,33.9155,35.2235,49.8197,49.9159,36.284,31.842,67.6240,-7.2156
355,355,343,Savannah St.,MEAC,30,11-20,94.5321,117.0349,.0786343,48290,53.8312,19.9264,19.3117,28190,34.6344,25.2330,33.3193,53.750,53.5298,29.2346,36.1271,77.53,-15.1300
182,182,176,Seattle,WAC,31,18-15,99.8252,100.7120,.4724176,49.1246,46.722,17.5104,15.8319,29.3132,26.593,34.3143,38.5299,46.1316,44.919,36.856,33.6124,68.5194,-9188
55,55,54,"Seton Hall 10 seed, ✅",BE,33,20-13,108.280,96.148,.796554,49.9210,49.3110,17.5104,2083,29.3132,29.4227,34.8124,32.6170,50.8147,48.7109,32.4267,33.6124,70.2108,0.251
245,245,237,Siena,MAAC,33,17-16,100.1243,106.5240,.3287237,51.5130,52.6258,15.619,18209,23.6310,28.5191,24.7337,27.336,52.191,51.9253,33.9199,36266,61.7352,-11.9236
217,217,210,South Alabama,SB,32,17-17,102.8182,106.8248,.3907210,52.977,52.1234,19.5241,19.797,25.5266,31.9305,35.1108,36.6267,51.1130,51.3226,3750,35.6244,67.6243,-11.1222
60,60,59,South Carolina,SEC,31,16-16,107.988,96.555,.784059,48.3282,49.5117,19.2222,20.368,31.866,31.1283,36.284,39.6318,44.9336,48.286,36.567,34.2164,71.658,-2.274
350,350,338,South Carolina St.,MEAC,32,8-26,97.2290,117.8351,.0984338,47.2311,56.4344,20.8308,20.465,31.674,30.2261,39.728,40324,46.5302,57.1348,32.4267,36.9302,68.2214,-20.3347
230,230,223,South Dakota,Sum,28,13-17,100.1240,105.1207,.3629223,50.1199,51.7214,16.128,17.4245,21.5341,25.658,35.991,35.2235,49.6201,50.7202,33.9199,35.8255,68.1217,-11.8233
98,98,96,South Dakota St.,Sum,32,24-9,111.045,103.9178,.681396,58.52,50.2148,16.337,15.6323,23.9304,22.76,31.9214,23.74,56.212,48.8114,41.23,34.5180,72.238,-3.597
124,124,121,South Florida,Amer,32,19-13,101.8204,96.962,.6374121,48.6267,48.887,22.7337,22.220,36.510,26.593,51.41,44.6346,48.4241,48.7109,32.6253,32.774,68.6193,-4.9121
330,330,319,Southeast Missouri St.,OVC,29,10-21,96.2303,110.5304,.1680319,50.4184,52.7267,20.2286,17.4245,25.6261,28.3176,29.1280,33.5198,47.4277,55.7338,36.663,32.360,69.1159,-15.6309
240,240,232,Southeastern Louisiana,Slnd,31,17-16,99.1259,105.1208,.3350232,50.4184,50.2148,24.1348,20.949,32.550,28.2175,37.262,39.3315,50.4170,50.6197,33.6212,32.980,66.6293,-10.7216
346,346,334,Southern,SWAC,31,7-25,92.7335,110.2298,.1198334,48.9260,54.9331,23.2344,22.220,30.2104,32.9325,34.6136,50.5351,48.8229,54.8330,32.6253,36.7296,67.3257,-19.2340
173,173,168,Southern Illinois,MVC,32,17-15,101.9202,102.5156,.4816168,52.880,49.6123,21313,19.1131,28.8161,29.2223,32210,25.618,51.2127,47.668,37.443,35.1214,67277,-8.3173
121,121,118,Southern Miss,CUSA,29,20-13,106.7111,101.4134,.6427118,53.171,49.1101,15.722,19.4112,22.9325,28.1169,24.1344,29.891,49.9192,47.153,39.111,34.2164,65.8319,-4.9119
297,297,287,Southern Utah,BSky,30,16-16,96.3302,105.7228,.2554287,50.5177,51178,19209,17.1262,23.1321,24.940,37.753,39.1309,50189,48.286,34.2179,36.8298,7245,-12.1240
100,100,98,St. Bonaventure,A10,34,18-16,101.3215,95.034,.676198,48.3282,47.229,18.7185,19.888,29.2138,28.7203,28.2296,31.5136,47.9254,46.230,32.8248,32.360,65.4328,-8.1171
273,273,264,St. Francis NY,NEC,30,17-15,95.5309,103.7171,.2803264,48.4277,48.778,17.7117,19.2125,27.1216,28.3176,29282,38.8303,47.3278,49.2133,33.3225,31.738,69.5139,-11.6229
251,251,243,St. Francis PA,NEC,31,18-15,105.1141,112.1324,.3218243,48.8264,53.8312,17.496,16.9271,33.434,28.6197,35113,31.8148,46.5302,54.9331,35.3118,34.8199,69.4144,-9187
80,80,78,"St. John's 11 seed, ❌",BE,34,21-13,108.086,99.197,.728578,51.9118,50.7167,14.36,21.238,21.8337,29.4227,29.5274,39.7320,50.7151,50.3184,35.898,34.2164,72.141,-0.758
138,138,134,Stanford,P12,31,15-16,101.5208,97.878,.6049134,51.2148,47.946,20.8308,17.2254,29.9110,28.3176,36.187,32.9180,53.262,46.433,31.7296,34.5180,7173,-6137
328,328,317,Stephen F. Austin,Slnd,26,14-16,94.6320,108.7274,.1686317,48.4277,52.6258,20.5298,21.529,29.1144,32.9325,36.284,36.1257,47.6267,49.9159,33.3225,37.4320,69.8124,-11.9237
341,341,329,Stetson,ASun,29,7-24,95.8307,112.8335,.1329329,45.5340,54.5326,17.5104,18209,27.9192,32310,25333,33186,45333,54.2320,31319,36.6289,70.593,-18334
194,194,188,Stony Brook,AE,32,24-9,97.2289,99.4102,.4362188,48.1287,4617,20.7303,18.6159,33.238,26.176,35.4103,36.2260,47.7263,46.639,32.6253,30.116,70.591,-3.899
30,30,30,"Syracuse 8 seed, ✅",ACC,33,20-13,110.450,93.022,.877330,49.5229,47.537,18.4160,23.210,30.1105,33.3334,36.872,34.8227,49.5205,46.537,33239,32.360,67.2263,0.844
43,43,43,TCU,B12,34,21-13,110.152,95.641,.836443,52.597,48.570,19.4235,18.8151,31.481,28.8207,32210,27.945,52.671,50.2180,34.9146,30.421,70.1110,0.546
311,311,Rk,Team,Conf,G,Rec,AdjOE,AdjDE,Barthag,Efg%,EfgD%,TOR,TORD,ORB,DRB,FTR,FTRD,2P%,2P%D,3P%,3P%D,Adj T.,WAB
337,337,Rk,Team,Conf,G,Rec,AdjOE,AdjDE,Barthag,Efg%,EfgD%,TOR,TORD,ORB,DRB,FTR,FTRD,2P%,2P%D,3P%,3P%D,Adj T.,WAB
366,366,Rk,Team,Conf,G,Rec,AdjOE,AdjDE,Barthag,Efg%,EfgD%,TOR,TORD,ORB,DRB,FTR,FTRD,2P%,2P%D,3P%,3P%D,Adj T.,WAB
207,207,Rk,Team,Conf,G,Rec,AdjOE,AdjDE,Barthag,Efg%,EfgD%,TOR,TORD,ORB,DRB,FTR,FTRD,2P%,2P%D,3P%,3P%D,Adj T.,WAB
129,129,Rk,Team,Conf,G,Rec,AdjOE,AdjDE,Barthag,Efg%,EfgD%,TOR,TORD,ORB,DRB,FTR,FTRD,2P%,2P%D,3P%,3P%D,Adj T.,WAB
285,285,Rk,Team,Conf,G,Rec,AdjOE,AdjDE,Barthag,Efg%,EfgD%,TOR,TORD,ORB,DRB,FTR,FTRD,2P%,2P%D,3P%,3P%D,Adj T.,WAB
155,155,Rk,Team,Conf,G,Rec,AdjOE,AdjDE,Barthag,Efg%,EfgD%,TOR,TORD,ORB,DRB,FTR,FTRD,2P%,2P%D,3P%,3P%D,Adj T.,WAB
77,77,Rk,Team,Conf,G,Rec,AdjOE,AdjDE,Barthag,Efg%,EfgD%,TOR,TORD,ORB,DRB,FTR,FTRD,2P%,2P%D,3P%,3P%D,Adj T.,WAB
181,181,Rk,Team,Conf,G,Rec,AdjOE,AdjDE,Barthag,Efg%,EfgD%,TOR,TORD,ORB,DRB,FTR,FTRD,2P%,2P%D,3P%,3P%D,Adj T.,WAB
51,51,Rk,Team,Conf,G,Rec,AdjOE,AdjDE,Barthag,Efg%,EfgD%,TOR,TORD,ORB,DRB,FTR,FTRD,2P%,2P%D,3P%,3P%D,Adj T.,WAB
233,233,Rk,Team,Conf,G,Rec,AdjOE,AdjDE,Barthag,Efg%,EfgD%,TOR,TORD,ORB,DRB,FTR,FTRD,2P%,2P%D,3P%,3P%D,Adj T.,WAB
25,25,Rk,Team,Conf,G,Rec,AdjOE,AdjDE,Barthag,Efg%,EfgD%,TOR,TORD,ORB,DRB,FTR,FTRD,2P%,2P%D,3P%,3P%D,Adj T.,WAB
103,103,Rk,Team,Conf,G,Rec,AdjOE,AdjDE,Barthag,Efg%,EfgD%,TOR,TORD,ORB,DRB,FTR,FTRD,2P%,2P%D,3P%,3P%D,Adj T.,WAB
259,259,Rk,Team,Conf,G,Rec,AdjOE,AdjDE,Barthag,Efg%,EfgD%,TOR,TORD,ORB,DRB,FTR,FTRD,2P%,2P%D,3P%,3P%D,Adj T.,WAB
66,66,65,"Temple 11 seed, ❌",Amer,33,23-10,109.065,97.980,.774665,49.9210,50.6163,15.722,20.659,26.9224,29.2223,32.5196,33.9209,50.1184,51.5234,33239,32.980,69.9115,1.338
8,8,9,"Tennessee 2 seed, ✅",SEC,33,29-5,122.73,94.832,.95129,55.320,47.435,15.925,18.2186,31.674,30.3265,33.4175,34.4222,55.718,44.613,36.284,34.4175,68.8176,9.75
293,293,283,Tennessee Martin,OVC,29,12-19,104.4151,114.4342,.2580283,50.4184,57.1350,18.8194,19.3117,31.578,34.7345,26.4316,27.235,49.9192,56.7343,34.1188,38.5337,69.5136,-13.5274
313,313,302,Tennessee St.,OVC,28,9-21,97.3286,109.1282,.2108302,49.1246,54.3322,22.7337,20.368,28.7164,28.4187,36.284,54353,49.3210,52.6273,32.6253,38.4333,70.881,-14.6291
342,342,330,Tennessee Tech,OVC,29,8-23,88.2348,104.0182,.1308330,46.1331,51.1183,22.8341,19.2125,27.9192,32.9325,36.379,33.2190,43.9346,51.1218,33.6212,34.1156,69.4142,-16.5321
31,31,31,Texas,B12,33,17-16,114.121,96.351,.876431,50.9165,49.5117,16.546,19137,28.9155,30.2261,30265,29.891,50.5161,46.639,34.3173,36.5281,65.8320,-164
87,87,85,Texas A&M,SEC,32,14-18,106.4125,98.489,.710685,49.3237,49.3110,20275,18.5166,32.747,32.5318,34.2148,2731,51136,49.1127,30.8327,33.198,68.8177,-4.5114
305,305,295,Texas A&M Corpus Chris,Slnd,28,14-18,94.2324,104.1183,.2392295,47.9295,48.675,22.3331,20.178,31.185,27.5150,29.8268,41.7332,47.6267,46.128,32.3274,34.9206,66.1314,-13.7276
265,265,256,Texas Southern,SWAC,33,22-13,102.1200,109.8293,.3019256,50.4184,51.4200,19.9264,19.987,32.452,31.5291,42.115,33.5198,51.996,50.5193,31.9292,35.4233,75.85,-6.7147
142,142,138,Texas St.,SB,31,24-9,100.8226,97.773,.5869138,50206,48.255,19.6247,2145,32.945,24.627,34.5139,38.8303,50.7151,48.8114,32.5262,31.534,66.3303,-3.493
6,6,7,"Texas Tech 3 seed, ✅",B12,32,26-6,113.623,86.82,.95677,53.754,42.82,18.2148,2311,28.6168,28.6197,33.5171,37.6283,52.966,41.32,36.856,30.116,67.6244,6.613
270,270,261,The Citadel,SC,27,12-18,105.4136,113.9339,.2914261,52112,56.6346,17.387,16.9271,25.1272,31.8304,25.8324,31.7145,54.242,57.5350,33.5220,37.1308,75.18,-11221
69,69,68,Toledo,MAC,32,25-8,108.673,97.876,.769568,53.267,46.824,17.496,15.4328,28.1187,25.763,26.1320,26.827,50.4170,46.639,3827,31.534,68.8175,-0.253
294,294,284,Towson,CAA,31,10-22,99.9249,109.5289,.2578284,47.9295,52.1234,18.8194,15.2334,35.216,27.3138,28.1299,33186,47.6267,50.8206,32.6253,35.7249,64.6342,-16.8326
260,260,251,Troy,SB,28,12-18,101.0221,108.4272,.3067251,51159,52.7267,19.9264,17.1262,27.2214,31.1283,31.7221,32.8177,51.7106,50.1176,33.2229,37.8325,68.4205,-11.9235
283,283,274,Tulane,Amer,31,4-27,96.4301,105.2211,.2663274,47.1315,50.6163,21313,15.1338,27220,30.9276,32.8188,31.6139,46.7296,50.7202,31.8294,33.6124,7172,-17.8332
125,125,122,Tulsa,Amer,32,18-14,104.4150,99.4103,.6365122,51.2148,48.151,18136,17.6230,23324,29.4227,43.44,30.3107,51.3118,47.360,34193,32.877,69.9116,-4104
157,157,152,UAB,CUSA,33,20-15,106.1128,105.1209,.5246152,50.4184,49.4113,16.862,17.9215,30.699,26.279,31.8218,31.6139,51.3118,48.184,32.6253,33.9143,66.2309,-7.6162
258,258,250,UC Davis,BW,29,11-20,95.5312,102.4152,.3080250,49254,52.8273,19.9264,21.142,22.1334,27.7156,29.7271,37.7285,49224,53.3293,32.7250,34.6186,67.1270,-14282
74,74,73,"UC Irvine 13 seed, ✅",BW,34,30-5,106.4124,96.861,.748573,51.4136,43.75,17.174,16.7282,33.631,26.490,28.6287,33.8208,50.3178,40.71,3691,33.3105,66.5295,0.843
331,331,320,UC Riverside,BW,30,10-23,97.2288,112.0323,.1636320,51.2148,54.4323,20.3291,16316,25.1272,26.593,22.7350,33.4196,47.2281,53.7310,3827,37.2311,64.6341,-18.2337
196,196,190,UC Santa Barbara,BW,30,22-10,103.2175,105.6223,.4337190,50.3189,49.7130,16.862,16.6290,33.140,26.279,39.530,32.4161,49.4208,50.8206,34.8150,31.842,65.8321,-6138
33,33,33,"UCF 9 seed, ✅",Amer,31,23-8,110.648,93.626,.872433,52.787,45.512,17.5104,18.3182,29.6125,29.5235,46.42,29.684,52.574,44.613,35.4113,31.332,66.3304,1.536
101,101,99,UCLA,P12,33,17-16,107.987,101.2129,.675999,52112,49.6123,19209,15.1338,30.891,27.1122,38.243,27.639,51.4113,47.976,35.5112,34.7193,73.817,-5.5129
250,250,242,UMBC,AE,31,21-13,94.9317,101.2128,.3227242,48.4277,51.4200,18.3155,22.912,24.5287,24.420,31.1235,32.9180,49.5205,51.8252,31.3308,34148,66315,-8.1169
253,253,245,UMKC,WAC,31,11-21,99.4255,106.3235,.3179245,49.8217,53.6300,17.278,20.949,23.5311,32.3314,32.4200,36.7271,47.8258,53284,35.2126,36.5281,67.8230,-13.7278
306,306,296,UMass Lowell,AE,30,15-17,101.9201,112.7334,.2386296,53.754,52232,19.6247,17.9215,27220,29.8244,34.1151,32.6170,55.124,54.7327,34.3173,31.636,71.464,-13259
357,357,345,UNC Asheville,BSth,28,4-27,92.9332,116.0347,.0723345,46.2328,55.7339,23.5347,18.2186,27.7200,37.1353,26.3317,33.7206,45.2332,56.7343,31.7296,36.2275,63.5349,-20342
96,96,94,UNC Greensboro,SC,33,29-6,104.3154,97.772,.681994,51.4136,50.7167,17.387,22.418,31.771,29.5235,30.6247,32.3159,51.3118,49.7148,34.4168,35209,68.8174,1.735
275,275,266,UNC Wilmington,CAA,32,10-23,104.1157,113.1336,.2783266,50.5177,56341,18.5171,14.5349,31.771,26.7105,32.8188,31.9151,49.3210,54.4323,35136,38.8342,70.497,-16.6322
174,174,169,UNLV,MWC,31,17-14,104.7148,105.4215,.4807169,49.5229,51178,18.6181,17.6230,35.515,27.7156,34.9119,31.6139,48.8229,49.7148,33.7208,35.7249,68.9168,-7.5159
88,88,86,USC,P12,33,16-17,108.671,100.6118,.706686,52.880,49.1101,16.546,18.1196,27220,29.9250,27.6306,3097,50.3178,48.494,38.222,33.4115,7175,-7.4158
349,349,337,USC Upstate,BSth,29,6-26,92.4337,111.3315,.1051337,47.4305,53.1288,19.9264,18.2186,24.7282,31.3288,25.3328,39307,46.8295,54316,32.1284,34.3172,69.3147,-21350
151,151,147,UT Arlington,SB,32,17-16,100.5229,98.892,.5491147,47316,4849,20.3291,18.1196,3187,28166,34.5139,38290,47.9254,50169,30.5333,29.915,67.7238,-7.7164
203,203,197,UT Rio Grande Valley,WAC,34,20-16,97.8281,100.5115,.4230197,46.2328,50139,18136,24.33,26.4236,32.5318,43.25,43.7343,45.9319,49.9159,31.4306,33.5118,71.366,-8.4174
316,316,305,UTEP,CUSA,27,8-21,88.9344,100.0110,.2063305,45.7338,49.4113,22.8341,19137,26.7229,26.7105,34.7132,32.9180,44.3343,46.639,32288,36.2275,69.1152,-15.5307
141,141,137,UTSA,CUSA,28,17-15,104.9144,101.7141,.5874137,49.5229,49.5117,16.442,18.1196,26.1244,28.4187,26.2318,35.6244,48253,50169,34.3173,32.566,73.125,-8165
97,97,95,Utah,P12,31,17-14,113.722,106.4238,.681695,5524,52.3248,19.2222,14.7345,3187,27.1122,35.5101,32.5168,54.635,51.7246,3750,35.6244,67.4250,-4.5111
40,40,40,"Utah St. 8 seed, ✅",MWC,33,28-6,112.036,96.658,.845940,54.337,46.219,17.9128,17.2254,31.771,22.24,36.776,34.1215,54.732,42.14,35.7102,34.8199,69.4143,2.134
130,130,126,Utah Valley,WAC,32,25-9,107.594,102.8161,.6266126,55.913,49.1101,19.9264,16.5299,27.8196,26.490,41.218,3097,54.537,47.565,38.714,34.7193,69.8123,-2.477
23,23,24,"VCU 8 seed, ✅",A10,32,25-7,104.8146,87.13,.893124,50.6175,433,20.1282,23.56,3187,30.6270,3688,37.2279,53.750,43.810,30.7330,27.62,69.5138,1.139
307,307,297,VMI,SC,29,11-21,101.0222,111.9321,.2352297,50.1199,56.9348,16.546,16.9271,21.7338,27.6152,29.2279,32153,47.6267,56.8346,35.4113,38.1330,72.927,-13.2266
228,228,221,Valparaiso,MVC,31,15-18,96.7297,101.4135,.3671221,48.9260,49.9133,20.3291,18.9144,26.7229,27.1122,32.1208,31.7145,50.1184,49.8156,31319,33.4115,66.2307,-12.3242
164,164,159,Vanderbilt,SEC,32,9-23,100.3235,100.3112,.5009159,48.6267,49.5117,20.5298,16.4301,29150,29.3225,40.622,33.3193,50189,4880,31.1315,34.9206,68.7185,-9.3195
79,79,77,"Vermont 13 seed, ✅",AE,32,27-6,106.7110,97.877,.732377,52.498,4997,16.651,19.4112,27.5205,21.82,36.379,26.221,5294,46.537,35.3118,35.3224,66.5296,-0.963
35,35,35,"Villanova 6 seed, ✅",BE,34,25-9,115.517,98.284,.866835,53.459,49.9133,1769,18.1196,30.891,27.3138,35.3105,28.661,53.946,49.7148,35.3118,33.5118,65.1331,423
0,0,1,"Virginia 1 seed, ✅",ACC,32,29-3,123.62,88.87,.97821,55.718,43.54,14.713,17.8222,30108,25.969,30.3256,27.945,52.286,45.522,40.94,27.21,60.8353,11.52
10,10,11,"Virginia Tech 4 seed, ✅",ACC,32,24-8,118.511,93.727,.937111,56.48,48.991,17.5104,21.725,29.8114,27.4142,31.4227,26.422,54.242,4880,39.48,33.2102,64.9333,5.319
326,326,315,Wagner,NEC,28,13-17,92.9333,106.0233,.1808315,44347,51.1183,20.8308,19.888,33.434,28.9213,33.8162,46.5350,43.1348,49.9159,30.1339,35.2220,64.9332,-13.4271
156,156,151,Wake Forest,ACC,31,11-20,103.9163,102.9162,.5270151,44.8342,53.3294,19.4235,16.1315,33.926,27.3138,37.657,35.2235,44.1344,54.7327,30.8327,34.1156,68.7188,-7.1152
52,52,51,"Washington 9 seed, ✅",P12,34,26-8,105.3139,93.124,.804851,52.1106,47.332,19.8258,244,29.6125,34.4343,35.1108,34.5224,52.381,4626,34.6159,33.198,67.3260,2.830
216,216,209,Washington St.,P12,32,11-21,104.9143,109.0279,.3917209,52.880,54.7329,19.2222,17.1262,25.2270,29.5235,30.3256,28.456,51.5109,54.9331,36.474,36.2275,71.657,-12.6248
231,231,224,Weber St.,BSky,31,18-15,99.8251,105.1204,.3556224,53.267,4997,1627,15.8319,19.2349,26.9113,37.166,30.9125,53.456,49.7148,35.2126,31.738,72.336,-10.7214
82,82,80,West Virginia,B12,35,15-20,108.085,99.7106,.716280,47.4305,51.8220,21.5321,18.6159,36.78,28.3176,39.232,38.8303,47.5273,50.8206,31.6302,35.7249,71.559,-4.4109
299,299,289,Western Carolina,SC,31,7-25,100.0246,109.9294,.2531289,53.656,55.3335,25.1353,14.7345,28.4174,25.763,34.8124,39.7320,52.381,57.8351,36.856,34.1156,70.976,-16.7323
302,302,292,Western Illinois,Sum,29,10-21,96.9295,107.0252,.2439292,49.8217,52.2245,16.337,14.5349,22.6329,25.553,23.2347,28.150,45.9319,48.494,38.222,38.9344,68.5197,-16313
131,131,127,Western Kentucky,CUSA,34,20-14,103.6168,99.4101,.6179127,49.9210,48.991,19.6247,18.5166,29.6125,28.1169,37.949,25.618,50.2182,4751,32.7250,34.5180,69165,-5.7134
254,254,246,Western Michigan,MAC,31,8-24,98.4269,105.1205,.3177246,48290,52.1234,21.7323,15.2334,29.7118,27.6152,36.776,29.993,49.4208,50.1176,30.5333,36.9302,70.4100,-15.2302
73,73,72,Wichita St.,Amer,34,20-14,106.6118,96.659,.755172,46.9320,48.465,17.278,17.9215,3342,27.3138,28.9283,39.2312,47.2281,47.153,31319,33.6124,69.1157,-3.495
223,223,216,William & Mary,CAA,30,14-17,102.3193,106.7246,.3805216,54.432,52.7267,18.3155,15.6323,24.5287,2673,31.3230,3097,55.815,51.1218,35136,36.9302,69.8125,-11220
198,198,192,Winthrop,BSth,27,18-12,104.4152,107.0251,.4298192,54.240,51.3196,20.2286,15.4328,28.7164,25.553,30.4254,30.3107,53.358,51.6242,36.761,33.8136,74.115,-6.7146
13,13,14,"Wisconsin 5 seed, ✅",B10,33,23-10,108.670,87.75,.921814,51.5130,44.810,14.47,17.2254,24303,26.593,27.5308,25.920,49.8197,43.79,36.663,31.227,64.7338,6.414
27,27,27,"Wofford 7 seed, ✅",SC,30,29-4,116.315,97.879,.879327,57.84,50.2148,16.233,19.3117,32.355,24.627,27.7303,31.8148,54.341,50.9213,41.62,32.774,67.1272,3.924
108,108,105,Wright St.,Horz,33,21-14,106.1127,99.9109,.6652105,51159,53.1288,17.387,20.178,30.891,25.969,35.1108,28.661,50.4170,52.1259,34.6159,36.5281,66.4297,-6.8149
319,319,308,Wyoming,MWC,31,8-24,94.3322,106.3236,.2004308,49.1246,51.7214,19.9264,17.4245,15.9353,28.8207,39.134,34.4222,47.1286,51.6242,34.5165,34.6186,69.8126,-17.5331
64,64,63,Xavier,BE,34,19-15,110.549,99.199,.777363,52.880,50.7167,19.7254,16.3305,32.452,27.1122,32.5196,24.510,54.635,49.1127,33.2229,35.3224,66.4299,-2.478
86,86,84,"Yale 14 seed, ✅",Ivy,28,22-7,111.046,102.5157,.712684,56.110,47.229,18.1146,15.2334,26.3239,24.420,30.5250,30.6117,56.114,47.565,37.443,31.227,71.946,-0.961
255,255,247,Youngstown St.,Horz,30,12-20,103.8166,111.0310,.3161247,49.6223,53.6300,18.5171,16.2312,33.532,28.9213,23.1348,38.5299,48.5240,55334,34.1188,34.2164,68.5201,-14.1285
